car_full_id,X,Y
182_2010_Alfa Romeo_159,3.6859572,-9.442451
183_2017_Alfa Romeo_Giulia,4.348961,-11.336225
184_2014_Alfa Romeo_Giulietta,-8.756332,-13.448803
185_2017_Alfa Romeo_Stelvio,-0.021304391,10.071397
186_2010_Audi_A1,-17.604916,-5.703784
187_2012_Audi_A1,-17.784134,-5.8381786
188_2013_Audi_A1,-17.784348,-5.837974
189_2014_Audi_A1,-17.693554,-5.8766904
190_2010_Audi_A3,-10.303858,-13.868754
191_2011_Audi_A3,-10.3036375,-13.868967
192_2011_Audi_A3,-12.918573,-13.900596
193_2012_Audi_A3,-12.723194,-13.875746
194_2013_Audi_A3,-9.928379,-14.213631
195_2014_Audi_A3,-9.928379,-14.21363
196_2014_Audi_A3,-4.395598,-7.587099
197_2015_Audi_A3,-9.928377,-14.213632
198_2015_Audi_A3,-4.4322886,-7.575533
199_2016_Audi_A3,-4.441214,-7.6473365
200_2017_Audi_A3,-4.441252,-7.647476
201_2020_Audi_A3,-4.034861,-7.5594573
202_2010_Audi_A4,6.300444,-10.951121
203_2011_Audi_A4,7.998457,-11.263766
204_2012_Audi_A4,7.9984245,-11.263771
205_2013_Audi_A4,7.9984536,-11.263771
206_2014_Audi_A4,7.998454,-11.263764
207_2015_Audi_A4,6.6560154,-11.731216
208_2016_Audi_A4,6.655986,-11.7317295
209_2017_Audi_A4,6.704815,-11.70522
210_2017_Audi_A4,6.6560173,-11.731221
211_2018_Audi_A4,6.6560106,-11.7311945
212_2019_Audi_A4,7.833815,-11.857529
213_2020_Audi_A4,7.8337784,-11.857536
214_2010_Audi_A4 allroad,7.870911,-5.3462286
215_2012_Audi_A4 allroad,7.925071,-5.378393
216_2013_Audi_A4 allroad,7.9251704,-5.3786836
217_2014_Audi_A4 allroad,7.925144,-5.3785477
218_2015_Audi_A4 allroad,7.9250636,-5.3783345
219_2017_Audi_A4 allroad,8.1580515,-5.4342785
220_2010_Audi_A5,5.6750374,-12.020504
221_2010_Audi_A5,4.023403,-11.306229
222_2011_Audi_A5,5.757677,-12.051458
223_2012_Audi_A5,5.757671,-12.051459
224_2013_Audi_A5,5.7576776,-12.051457
225_2013_Audi_A5,4.1258554,-11.381947
226_2014_Audi_A5,5.7576737,-12.051458
227_2015_Audi_A5,5.757749,-12.051394
228_2016_Audi_A5,5.7943864,-12.047182
229_2016_Audi_A5,4.67394,-11.662877
230_2017_Audi_A5,4.67394,-11.662877
231_2018_Audi_A5,5.7943873,-12.047184
232_2018_Audi_A5,4.67394,-11.662879
233_2019_Audi_A5,-1.1707186,3.4606988
234_2019_Audi_A5,-1.1756793,3.4560018
235_2010_Audi_A6,16.25219,-6.213136
236_2011_Audi_A6,16.775013,-4.9218345
237_2012_Audi_A6,16.77501,-4.9218335
238_2013_Audi_A6,16.775192,-4.92142
239_2014_Audi_A6,16.894535,-4.299722
240_2015_Audi_A6,16.894522,-4.2997375
241_2016_Audi_A6,16.894527,-4.299737
242_2017_Audi_A6,16.914392,-4.100439
243_2017_Audi_A6,16.894526,-4.299735
244_2018_Audi_A6,16.964216,-4.1094923
245_2019_Audi_A6,16.964396,-4.1093287
246_2020_Audi_A6,16.964392,-4.109309
247_2010_Audi_A7,16.575182,-1.9603988
248_2011_Audi_A7,16.575136,-1.9603213
249_2012_Audi_A7,16.57513,-1.9603264
250_2013_Audi_A7,16.575138,-1.9603184
251_2014_Audi_A7,16.1388,-1.4792598
252_2015_Audi_A7,16.138796,-1.4792628
253_2016_Audi_A7,16.138935,-1.4792281
254_2019_Audi_A7,16.159292,-1.5251217
255_2010_Audi_A8,19.386297,-1.289936
256_2011_Audi_A8,19.386297,-1.2899443
257_2012_Audi_A8,19.386288,-1.2899545
258_2013_Audi_A8,18.002174,2.5609105
259_2014_Audi_A8,18.002195,2.560968
260_2015_Audi_A8,18.0022,2.5609596
261_2016_Audi_A8,18.002201,2.5609555
262_2018_Audi_A8,18.376606,3.6004055
263_2019_Audi_e-tron,10.315739,4.7050877
264_2020_Audi_e-tron,10.315739,4.705089
265_2017_Audi_Q2,-13.386235,-10.582729
266_2011_Audi_Q3,-8.780817,-0.036454923
267_2012_Audi_Q3,-8.780817,-0.036448747
268_2013_Audi_Q3,-8.780837,-0.036653098
269_2014_Audi_Q3,-8.783149,-0.2503357
270_2015_Audi_Q3,-8.783168,-0.25032446
271_2016_Audi_Q3,-8.783043,-0.24998151
272_2017_Audi_Q3,-8.783043,-0.24998197
273_2019_Audi_Q3,-5.2398624,-0.89779496
274_2020_Audi_Q3,-5.239862,-0.89779574
275_2020_Audi_Q3 Sportback,-4.8769746,-1.7182481
276_2010_Audi_Q5,-1.2194507,9.062199
277_2011_Audi_Q5,-1.2194495,9.062199
278_2012_Audi_Q5,-1.1441631,9.235128
279_2013_Audi_Q5,-1.1440752,9.23514
280_2014_Audi_Q5,-1.1440725,9.235109
281_2015_Audi_Q5,-1.144074,9.23514
282_2016_Audi_Q5,-1.1440616,9.23511
283_2017_Audi_Q5,1.0931202,10.322484
284_2018_Audi_Q5,1.09312,10.322484
285_2019_Audi_Q5,1.0931346,10.3223915
286_2020_Audi_Q5,1.1165438,10.345986
287_2010_Audi_Q7,11.224467,11.1376705
288_2011_Audi_Q7,11.2249565,11.137605
289_2012_Audi_Q7,11.2246275,11.1373
290_2013_Audi_Q7,11.224932,11.137499
291_2015_Audi_Q7,10.898219,10.71555
292_2016_Audi_Q7,10.898227,10.715554
293_2017_Audi_Q7,10.898399,10.715405
294_2018_Audi_Q7,10.898276,10.715528
295_2019_Audi_Q7,10.9915495,10.814755
296_2020_Audi_Q7,10.991498,10.814944
297_2018_Audi_Q8,9.411196,8.002587
298_2019_Audi_Q8,9.411196,8.002587
299_2020_Audi_Q8,9.411225,8.001862
300_2016_Audi_S3,-0.47792873,-17.266075
301_2010_Audi_S4,9.591596,-3.6753254
302_2013_Audi_S4,9.606727,-3.6534467
303_2012_Audi_S5,9.342869,-3.841184
304_2017_Audi_S5,9.555422,-3.6406424
305_2019_Audi_S5,10.153904,-3.1573627
306_2013_Audi_S7,14.661278,0.28470126
307_2020_Audi_S8,16.033182,3.1332319
308_2020_Audi_SQ8,10.598664,5.8565526
309_2015_Audi_TT,-11.919945,-15.64175
310_2015_Audi_TTS,-10.065292,-17.264593
311_2010_BMW_1ER,-8.793786,-15.104662
312_2010_BMW_1ER,-12.795842,-13.98368
313_2010_BMW_1ER,-12.795942,-13.98383
314_2011_BMW_1ER,-9.425669,-14.6507015
315_2011_BMW_1ER,-9.5352,-13.938789
316_2012_BMW_1ER,-9.425634,-14.650685
317_2013_BMW_1ER,-9.425669,-14.6507015
318_2013_BMW_1ER,-9.535176,-13.939791
319_2015_BMW_1ER,-9.349068,-14.603554
320_2016_BMW_1ER,-9.349092,-14.603216
321_2017_BMW_1ER,-9.360107,-14.65677
322_2018_BMW_1ER,-9.360105,-14.656771
323_2019_BMW_1ER,-9.989605,-14.33289
324_2011_BMW_M1,-0.81113285,-17.361452
325_2017_BMW_2ER,-4.5451336,-7.74259
326_2020_BMW_2ER,-0.9631209,-6.686073
327_2017_BMW_2ACTIVETOURER,-10.060601,-1.6896312
328_2016_BMW_2GRANDTOURER,-6.3130035,5.8039207
329_2010_BMW_3ER,1.1965547,-8.458575
330_2010_BMW_3ER,-0.8973711,-6.7594166
331_2011_BMW_3ER,2.7141855,-9.428195
332_2011_BMW_3ER,3.0929883,-9.133656
333_2012_BMW_3ER,3.0929906,-9.133656
334_2013_BMW_3ER,11.804745,-9.400278
335_2013_BMW_3ER,3.0929914,-9.1336565
336_2014_BMW_3ER,11.804546,-9.400128
337_2014_BMW_3ER,3.0930405,-9.133592
338_2015_BMW_3ER,11.77751,-9.347566
339_2015_BMW_3ER,3.2644467,-8.914864
340_2016_BMW_3ER,11.777514,-9.347567
341_2016_BMW_3ER,3.2640646,-8.91501
342_2016_BMW_3ER,3.2644472,-8.914867
343_2017_BMW_3ER,11.777511,-9.347568
344_2017_BMW_3ER,3.2640653,-8.9150095
345_2017_BMW_3ER,3.2645,-8.914941
346_2018_BMW_3ER,6.5037603,-11.336001
347_2019_BMW_3ER,6.503133,-11.3355875
348_2020_BMW_3ER,6.5038476,-11.336147
349_2010_BMW_5ER,16.321749,1.0777011
350_2010_BMW_5ER,15.75834,-6.439008
351_2011_BMW_5ER,16.321789,1.0776731
352_2011_BMW_5ER,15.758454,-6.438922
353_2012_BMW_5ER,16.32179,1.0776696
354_2012_BMW_5ER,15.758421,-6.438962
355_2013_BMW_5ER,18.729158,0.44319203
356_2014_BMW_5ER,16.346083,1.0947484
357_2014_BMW_5ER,18.729193,0.44356555
358_2015_BMW_5ER,18.729181,0.44355372
359_2016_BMW_5ER,18.729153,0.44319317
360_2017_BMW_5ER,16.59295,-4.097753
361_2018_BMW_5ER,16.400919,-3.9867635
362_2018_BMW_5ER,16.592955,-4.097757
363_2019_BMW_5ER,16.59298,-4.0975437
364_2020_BMW_5ER,16.791512,-3.7126186
365_2011_BMW_6ER,11.529807,-2.0971282
366_2012_BMW_6ER,11.529805,-2.0971217
367_2012_BMW_6ER,15.518869,-0.24059153
368_2013_BMW_6ER,11.529804,-2.0971136
369_2013_BMW_6ER,15.518868,-0.2405928
370_2014_BMW_6ER,15.518872,-0.2405914
371_2017_BMW_6ER,18.66031,0.88845336
372_2018_BMW_6ER,18.660303,0.8884486
373_2019_BMW_6ER,18.660307,0.8884523
374_2020_BMW_6ER,18.266642,1.3875408
375_2010_BMW_7ER,17.310282,1.9905363
376_2011_BMW_7ER,17.31024,1.9905512
377_2012_BMW_7ER,18.084232,1.6415486
378_2013_BMW_7ER,18.084238,1.6415468
379_2014_BMW_7ER,18.084248,1.6415505
380_2015_BMW_7ER,18.200026,1.7386281
381_2016_BMW_7ER,18.20008,1.7385628
382_2017_BMW_7ER,18.200026,1.7386304
383_2018_BMW_7ER,18.200165,1.7385119
384_2019_BMW_7ER,18.374565,3.458664
385_2020_BMW_7ER,18.374565,3.4586558
386_2018_BMW_8ER,11.273053,-2.3040872
387_2019_BMW_8ER,11.273055,-2.30409
388_2020_BMW_8ER,11.273055,-2.3040864
389_2016_BMW_i3,-17.441061,-0.8737296
390_2018_BMW_i3,-17.474087,-0.75862914
391_2019_BMW_i3,-17.474112,-0.758653
392_2017_BMW_M2,-0.22591653,-17.216381
393_2014_BMW_M4,9.460997,-3.6390302
394_2016_BMW_M4,9.4609995,-3.639029
395_2018_BMW_M4,9.449701,-3.6315358
396_2012_BMW_M5,13.068971,1.8989394
397_2013_BMW_M5,13.404451,1.7084574
398_2018_BMW_M5,13.418257,1.8566773
399_2013_BMW_M6,13.4256315,1.5725651
400_2010_BMW_X1,-6.569837,-2.9182239
401_2011_BMW_X1,-6.5698338,-2.9182255
402_2012_BMW_X1,-5.4908724,-2.738818
403_2013_BMW_X1,-5.4908714,-2.7388177
404_2014_BMW_X1,-5.4908724,-2.7388182
405_2016_BMW_X1,-6.3739576,-0.3821625
406_2017_BMW_X1,-6.3739753,-0.38211533
407_2018_BMW_X1,-6.3739753,-0.38211417
408_2019_BMW_X1,-6.2823925,-0.40938783
409_2020_BMW_X1,-6.282393,-0.4093891
410_2018_BMW_X2,-9.067806,-6.644797
411_2020_BMW_X2,-9.067823,-6.644829
412_2010_BMW_X3,-0.94560593,9.260732
413_2011_BMW_X3,-0.94552726,9.260741
414_2012_BMW_X3,-0.9455276,9.260742
415_2013_BMW_X3,-0.9455255,9.260741
416_2014_BMW_X3,-0.7612098,9.414853
417_2015_BMW_X3,-0.7612124,9.414857
418_2016_BMW_X3,-0.76120985,9.414853
419_2017_BMW_X3,-0.31538254,10.6387615
420_2018_BMW_X3,-0.31538197,10.638761
421_2019_BMW_X3,-0.31512424,10.639434
422_2020_BMW_X3,-0.31518617,10.638759
423_2014_BMW_X4,-0.17444345,9.273742
424_2015_BMW_X4,-0.17445108,9.2737255
425_2016_BMW_X4,-0.17443885,9.273732
426_2017_BMW_X4,-0.17479613,9.273742
427_2018_BMW_X4,1.5108525,5.524022
428_2019_BMW_X4,1.5108095,5.5241113
429_2020_BMW_X4,1.5107588,5.5242004
430_2019_BMW_X4 M,10.8722515,3.7706077
431_2010_BMW_X5,6.737627,6.718787
432_2011_BMW_X5,6.7376165,6.7187386
433_2012_BMW_X5,6.737673,6.718737
434_2013_BMW_X5,1.0589242,14.0063715
435_2014_BMW_X5,1.0589194,14.006376
436_2015_BMW_X5,1.0589193,14.006376
437_2016_BMW_X5,1.0589207,14.006374
438_2017_BMW_X5,1.058922,14.006374
439_2018_BMW_X5,8.584259,8.22595
440_2019_BMW_X5,8.584464,8.224195
441_2020_BMW_X5,8.5842495,8.225716
442_2011_BMW_X5 M,11.332069,3.5318959
443_2013_BMW_X5 M,11.332071,3.5318966
444_2015_BMW_X5 M,11.379023,3.509752
445_2016_BMW_X5 M,11.379033,3.5097525
446_2010_BMW_X6,8.99224,5.6533284
447_2011_BMW_X6,8.992119,5.6529245
448_2012_BMW_X6,8.964688,5.680272
449_2013_BMW_X6,8.964691,5.680277
450_2014_BMW_X6,9.187659,5.8060193
451_2015_BMW_X6,9.187659,5.8060184
452_2016_BMW_X6,9.18766,5.806014
453_2017_BMW_X6,9.1877985,5.806081
454_2018_BMW_X6,9.1877985,5.8060813
455_2019_BMW_X6,8.946495,7.2353325
456_2020_BMW_X6,8.946517,7.2354946
457_2011_BMW_X6 M,11.376076,3.5057404
458_2012_BMW_X6 M,11.366342,3.5144281
459_2013_BMW_X6 M,11.366345,3.5144377
460_2015_BMW_X6 M,11.447837,3.4670668
461_2016_BMW_X6 M,11.447843,3.4670634
462_2017_BMW_X6 M,11.447843,3.4670653
463_2018_BMW_X6 M,11.447843,3.4670644
464_2020_BMW_X6 M,11.555714,3.4041567
465_2019_BMW_X7,11.071964,12.898257
466_2020_BMW_X7,11.071965,12.898243
467_2010_Chevrolet_Aveo,-18.088146,-4.663479
468_2010_Chevrolet_Aveo,-7.084901,-11.430363
469_2011_Chevrolet_Aveo,-15.952819,-3.3425717
470_2011_Chevrolet_Aveo,-4.4338765,-12.009602
471_2012_Chevrolet_Aveo,-4.4338865,-12.0094595
472_2013_Chevrolet_Aveo,-15.952489,-3.342541
473_2013_Chevrolet_Aveo,-4.4337273,-12.009579
474_2014_Chevrolet_Aveo,-15.9526415,-3.3425725
475_2014_Chevrolet_Aveo,-4.433878,-12.009611
476_2015_Chevrolet_Aveo,-4.4337277,-12.009579
477_2010_Chevrolet_Camaro,11.179215,-2.3732488
478_2012_Chevrolet_Camaro,11.179216,-2.3732517
479_2013_Chevrolet_Camaro,11.180829,-2.3714435
480_2014_Chevrolet_Camaro,11.180827,-2.3714397
481_2016_Chevrolet_Camaro,10.9847765,-3.2754028
482_2018_Chevrolet_Camaro,10.982404,-3.2776055
483_2019_Chevrolet_Camaro,10.982414,-3.2775855
484_2010_Chevrolet_Captiva,-4.3809166,9.972449
485_2011_Chevrolet_Captiva,-2.3738298,11.88273
486_2012_Chevrolet_Captiva,-2.3738337,11.882719
487_2013_Chevrolet_Captiva,-2.1683347,11.55928
488_2014_Chevrolet_Captiva,-2.1683514,11.559197
489_2013_Chevrolet_Cobalt,-4.488292,-5.380498
490_2014_Chevrolet_Cobalt,-4.488272,-5.3805013
491_2014_Chevrolet_Corvette,0.06745442,-17.1413
492_2010_Chevrolet_Cruze,1.9692085,-6.189723
493_2011_Chevrolet_Cruze,-2.4380622,-5.1329403
494_2011_Chevrolet_Cruze,1.9690484,-6.1900716
495_2012_Chevrolet_Cruze,-2.1152828,-4.8196015
496_2012_Chevrolet_Cruze,1.9562731,-6.3933206
497_2013_Chevrolet_Cruze,-2.1152723,-4.819608
498_2013_Chevrolet_Cruze,4.6257863,-6.764439
499_2013_Chevrolet_Cruze,1.9562724,-6.3933215
500_2014_Chevrolet_Cruze,-2.115283,-4.8196
501_2014_Chevrolet_Cruze,1.9562768,-6.3933215
502_2015_Chevrolet_Cruze,-4.6591353,-7.170411
503_2015_Chevrolet_Cruze,4.8400946,-8.601601
504_2010_Chevrolet_Epica,11.609711,-11.976805
505_2011_Chevrolet_Epica,11.609712,-11.976802
506_2012_Chevrolet_Epica,11.609637,-11.977142
507_2018_Chevrolet_Equinox,-1.5671722,7.911445
508_2012_Chevrolet_Express,11.866268,16.712757
509_2010_Chevrolet_Lacetti,-8.976095,-12.441292
510_2010_Chevrolet_Lacetti,-1.9258215,-8.240572
511_2011_Chevrolet_Lacetti,-8.976095,-12.441297
512_2011_Chevrolet_Lacetti,0.6137913,-5.021707
513_2011_Chevrolet_Lacetti,-1.9259799,-8.240378
514_2012_Chevrolet_Lacetti,0.6138027,-5.0217223
515_2012_Chevrolet_Lacetti,-1.9258211,-8.240571
516_2010_Chevrolet_Niva,-19.493559,2.6052954
517_2011_Chevrolet_Niva,-19.493433,2.6051774
518_2012_Chevrolet_Niva,-19.493443,2.6051946
519_2013_Chevrolet_Niva,-19.493444,2.6051936
520_2014_Chevrolet_Niva,-19.493446,2.60519
521_2015_Chevrolet_Niva,-19.493448,2.6051912
522_2016_Chevrolet_Niva,-19.49336,2.605134
523_2017_Chevrolet_Niva,-19.493357,2.605134
524_2018_Chevrolet_Niva,-19.493338,2.6051269
525_2019_Chevrolet_Niva,-19.49334,2.605128
526_2011_Chevrolet_Orlando,-1.9123598,5.7751675
527_2012_Chevrolet_Orlando,-1.9124391,5.7752185
528_2013_Chevrolet_Orlando,-1.9124556,5.7750454
529_2014_Chevrolet_Orlando,-1.9123738,5.775222
530_2020_Chevrolet_Silverado,12.151618,17.291647
531_2011_Chevrolet_Spark,-22.111893,-2.9532878
532_2013_Chevrolet_Spark,-22.111877,-2.9511826
533_2011_Chevrolet_Tahoe,8.732432,15.050233
534_2012_Chevrolet_Tahoe,8.7322235,15.049807
535_2013_Chevrolet_Tahoe,8.732433,15.050237
536_2015_Chevrolet_Tahoe,9.587504,15.1696415
537_2016_Chevrolet_Tahoe,9.587361,15.169845
538_2017_Chevrolet_Tahoe,9.587501,15.169635
539_2018_Chevrolet_Tahoe,9.587377,15.169814
540_2019_Chevrolet_Tahoe,9.587377,15.169815
541_2014_Chevrolet_TrailBlazer,0.36462575,17.215094
542_2018_Chevrolet_Traverse,10.678645,13.6605625
543_2020_Chevrolet_Traverse,10.678648,13.660581
544_2012_Chevrolet_Volt,-2.659609,-6.661895
545_2014_Chevrolet_Volt,-2.6605499,-6.6617627
546_2019_Chrysler_Pacifica,10.911788,13.656956
547_2010_Chrysler_Voyager,12.410254,11.961192
548_2014_Chrysler_Voyager,11.088761,12.842831
549_2011_Citroen_Berlingo,-11.408027,9.45307
550_2012_Citroen_Berlingo,-11.374631,9.444064
551_2016_Citroen_Berlingo,-11.363643,9.444786
552_2010_Citroen_C-Crosser,-3.6627471,7.4036446
553_2011_Citroen_C-Crosser,-3.6627474,7.4036446
554_2013_Citroen_C-Elysee,-3.0361412,-11.392831
555_2010_Citroen_C1,-23.095976,-2.8452637
556_2011_Citroen_C1,-23.096312,-2.845485
557_2013_Citroen_C1,-23.095963,-2.84526
558_2011_Citroen_C3,-17.69662,-4.297572
559_2018_Citroen_C3 Aircross,-16.716019,3.2626803
560_2011_Citroen_C3 Picasso,-18.858025,2.307764
561_2012_Citroen_C3 Picasso,-18.549778,2.46628
562_2013_Citroen_C3 Picasso,-18.549892,2.4663966
563_2010_Citroen_C4,-10.044142,-9.82272
564_2010_Citroen_C4,-11.243731,-13.156024
565_2011_Citroen_C4,-10.044089,-9.8227625
566_2012_Citroen_C4,-10.0442505,-9.822846
567_2013_Citroen_C4,3.0920222,-5.711332
568_2014_Citroen_C4,3.0920215,-5.7113338
569_2015_Citroen_C4,3.0920558,-5.7110324
570_2016_Citroen_C4,3.0920544,-5.711032
571_2017_Citroen_C4,3.092071,-5.7111306
572_2018_Citroen_C4,3.0920527,-5.7110333
573_2014_Citroen_C4 Aircross,-10.522657,1.424451
574_2010_Citroen_C4 Picasso,-6.4788985,4.0391693
575_2011_Citroen_C4 Picasso,-6.478898,4.039169
576_2015_Citroen_C4 Picasso,-1.8210965,9.504601
577_2017_Citroen_C4 Picasso,-5.296393,5.6530004
578_2010_Citroen_C5,14.6528845,-10.349134
579_2010_Citroen_C5,10.01422,-13.22626
580_2011_Citroen_C5,14.653086,-10.34845
581_2011_Citroen_C5,10.014832,-13.226996
582_2012_Citroen_C5,10.014221,-13.22626
583_2011_Citroen_C6,13.948504,-5.349354
584_2010_Citroen_DS3,-17.808083,-5.2188034
585_2011_Citroen_DS3,-17.80808,-5.2188034
586_2012_Citroen_DS3,-17.80808,-5.218805
587_2013_Citroen_DS3,-17.808113,-5.2189803
588_2014_Citroen_DS3,-17.808111,-5.218978
589_2013_Citroen_DS4,-11.118618,-10.372916
590_2012_Citroen_DS5,-1.4976909,-2.7316563
591_2014_Citroen_DS5,-1.4976913,-2.7316566
592_2017_Citroen_SpaceTourer,15.072112,14.460877
593_2018_Citroen_SpaceTourer,15.07211,14.460878
594_2019_Citroen_SpaceTourer,15.072109,14.460877
595_2020_Citroen_SpaceTourer,15.072108,14.460882
596_2014_Daewoo_Gentra,-1.9760572,-8.342287
597_2015_Daewoo_Gentra,-1.975851,-8.342424
598_2010_Daewoo_Matiz,-22.339132,-2.904492
599_2011_Daewoo_Matiz,-22.339115,-2.9045286
600_2012_Daewoo_Matiz,-22.33911,-2.9045262
601_2010_Daewoo_Nexia,-1.6529139,-9.762618
602_2011_Daewoo_Nexia,-1.6529136,-9.762616
603_2012_Daewoo_Nexia,-1.6529137,-9.762617
604_2013_Daewoo_Nexia,-1.6529107,-9.762616
605_2015_Daihatsu_Hijet,-24.315748,-1.7533473
606_2017_Daihatsu_Hijet,-24.315765,-1.7533472
607_2016_Daihatsu_Move,-24.091633,-2.0037875
608_2017_Daihatsu_Thor,-20.819096,-2.3972642
609_2011_Dodge_Caliber,-6.75363,-4.305897
610_2010_Dodge_Caravan,12.517067,11.987545
1035_2019_Kia_Rio,-3.2448533,-12.49188
611_2016_Dodge_Caravan,12.517026,11.987544
612_2018_Dodge_Caravan,12.517029,11.987547
613_2012_Dodge_Challenger,15.818971,-0.13047172
614_2015_Dodge_Challenger,13.476444,1.9919789
615_2016_Dodge_Challenger,13.476445,1.991984
616_2018_Dodge_Challenger,13.476445,1.9919865
617_2019_Dodge_Challenger,13.476447,1.9919864
618_2019_Dodge_Durango,9.086516,14.583828
619_2010_Dodge_Journey,4.7488174,3.6691604
620_2011_Dodge_Journey,4.505329,3.0852757
621_2010_Dodge_RAM,11.811979,15.329764
622_2013_Dodge_RAM,11.81195,15.3297615
623_2018_Dodge_RAM,11.811927,15.32979
624_2019_Dodge_RAM,11.811927,15.329788
625_2012_FIAT_500,-22.589926,-2.9221177
626_2016_FIAT_500,-21.723106,0.18150906
627_2017_FIAT_500,-21.72308,0.1815142
628_2010_FIAT_Albea,-13.0986805,-5.069625
629_2011_FIAT_Albea,-13.098601,-5.069729
630_2010_FIAT_Doblo,-1.9681641,17.81808
631_2011_FIAT_Doblo,-1.9681894,17.818108
632_2012_FIAT_Doblo,-1.9681896,17.818104
633_2014_FIAT_Doblo,-1.9681906,17.818113
634_2013_FIAT_Freemont,4.848764,3.7338881
635_2017_FIAT_Fullback,15.803206,12.246068
636_2011_FIAT_Linea,0.7092761,-4.5537066
637_2014_Ford_EcoSport,-12.959076,4.881927
638_2015_Ford_EcoSport,-12.959077,4.881928
639_2016_Ford_EcoSport,-12.959079,4.881928
640_2017_Ford_EcoSport,-11.979194,4.769666
641_2018_Ford_EcoSport,-11.979194,4.769667
642_2014_Ford_Edge,1.5238272,10.650995
643_2011_Ford_Explorer,9.503184,10.257225
644_2012_Ford_Explorer,9.503189,10.257225
645_2013_Ford_Explorer,9.50309,10.257202
646_2014_Ford_Explorer,9.503215,10.2571945
647_2015_Ford_Explorer,9.862392,10.27524
648_2016_Ford_Explorer,9.862402,10.27524
649_2017_Ford_Explorer,9.839094,10.286016
650_2018_Ford_Explorer,9.839096,10.286006
651_2019_Ford_Explorer,10.2301035,11.035764
652_2018_Ford_F-150,12.156211,17.300383
653_2011_Ford_Fiesta,-17.61103,-5.4703403
654_2015_Ford_Fiesta,-17.520529,-4.9672747
655_2015_Ford_Fiesta,-6.9468026,-11.693518
656_2016_Ford_Fiesta,-17.520529,-4.9672747
657_2016_Ford_Fiesta,-6.9468017,-11.693516
658_2017_Ford_Fiesta,-6.9467893,-11.693666
659_2018_Ford_Fiesta,-15.374799,-3.2976027
660_2019_Ford_Fiesta,-15.374804,-3.2976072
661_2010_Ford_Focus,-9.613019,-8.46633
662_2010_Ford_Focus,-9.613148,-8.466507
663_2010_Ford_Focus,-3.0985773,-3.8784192
664_2010_Ford_Focus,-2.9738145,-3.880217
665_2011_Ford_Focus,-9.564104,-8.422438
666_2011_Ford_Focus,-1.4887872,-3.79979
667_2012_Ford_Focus,-9.564044,-8.422304
668_2012_Ford_Focus,-0.9024405,-3.4987326
669_2012_Ford_Focus,-1.4887868,-3.799789
670_2013_Ford_Focus,-9.564104,-8.422437
671_2013_Ford_Focus,-0.90244293,-3.4987316
672_2013_Ford_Focus,-1.4887816,-3.7997375
673_2014_Ford_Focus,-9.121843,-7.190289
674_2014_Ford_Focus,-1.1059376,-3.0452821
675_2014_Ford_Focus,-1.381826,-3.229054
676_2015_Ford_Focus,-9.121757,-7.190032
677_2015_Ford_Focus,-1.1059538,-3.0453117
678_2015_Ford_Focus,-1.3813857,-3.2288268
679_2016_Ford_Focus,-9.121756,-7.1900315
680_2016_Ford_Focus,-1.1059493,-3.0452685
681_2016_Ford_Focus,-1.3818264,-3.2290533
682_2017_Ford_Focus,-9.121756,-7.1900325
683_2017_Ford_Focus,-1.1059479,-3.045265
684_2017_Ford_Focus,-1.3818413,-3.2290952
685_2018_Ford_Focus,-8.922003,-6.8745537
686_2018_Ford_Focus,3.504468,-7.944107
687_2019_Ford_Focus,-8.921871,-6.874743
688_2019_Ford_Focus,3.5044677,-7.944107
689_2012_Ford_Focus ST,6.675521,-6.712448
690_2010_Ford_Fusion,-16.545479,-3.152402
691_2011_Ford_Fusion,-16.545427,-3.152384
692_2010_Ford_Galaxy,-0.48234856,15.051838
693_2011_Ford_Galaxy,-0.48234713,15.051835
694_2012_Ford_Galaxy,-0.4823476,15.051838
695_2013_Ford_Galaxy,-0.4823476,15.051856
696_2016_Ford_Galaxy,4.682452,4.0327363
697_2011_Ford_Kuga,-6.7026186,2.2759192
698_2012_Ford_Kuga,-8.230404,7.713149
699_2013_Ford_Kuga,-8.230402,7.713155
700_2014_Ford_Kuga,-8.230402,7.713155
701_2015_Ford_Kuga,-8.230402,7.7131557
702_2016_Ford_Kuga,-7.5134397,7.281517
703_2017_Ford_Kuga,-7.5132127,7.2813873
704_2018_Ford_Kuga,-7.5132294,7.2813864
705_2019_Ford_Kuga,-3.0622191,9.586057
706_2010_Ford_Mondeo,15.669034,-11.393476
707_2010_Ford_Mondeo,15.746227,-11.314206
708_2011_Ford_Mondeo,11.537076,-13.741649
709_2011_Ford_Mondeo,15.746218,-11.314206
710_2012_Ford_Mondeo,11.5370865,-13.741584
711_2012_Ford_Mondeo,15.746243,-11.314005
712_2013_Ford_Mondeo,15.746243,-11.314006
713_2014_Ford_Mondeo,14.25949,-7.063557
714_2015_Ford_Mondeo,14.259511,-7.0633974
715_2016_Ford_Mondeo,14.25935,-7.0632153
716_2017_Ford_Mondeo,15.734716,-11.158704
717_2017_Ford_Mondeo,14.259555,-7.0634446
718_2018_Ford_Mondeo,14.259542,-7.0632453
719_2019_Ford_Mondeo,14.3738785,-7.2381206
720_2014_Ford_Mustang,10.883366,-2.6859894
721_2017_Ford_Mustang,10.874891,-2.6653702
722_2018_Ford_Mustang,10.874892,-2.6653657
723_2019_Ford_Mustang,10.874894,-2.6653678
724_2020_Ford_Mustang,10.874892,-2.665368
725_2013_Ford_Ranger,15.911731,12.944316
726_2010_Ford_S-MAX,1.9496635,3.6213796
727_2011_Ford_S-MAX,1.949652,3.6214063
728_2012_Ford_S-MAX,1.9496623,3.6213787
729_2013_Ford_S-MAX,1.9496585,3.6213927
730_2014_Ford_Tourneo Custom,1.2174546,19.094942
731_2015_Ford_Tourneo Custom,1.2175282,19.09489
732_2017_Ford_Tourneo Custom,14.992014,15.096623
733_2018_Ford_Tourneo Custom,14.991973,15.096645
734_2011_Honda_Accord,16.705515,-4.068399
735_2012_Honda_Accord,15.648903,-6.7916503
736_2013_Honda_Accord,15.648863,-6.791732
737_2014_Honda_Accord,16.316166,-8.018897
738_2016_Honda_Accord,16.327032,-7.9862432
739_2017_Honda_Accord,15.4050255,-6.606301
740_2018_Honda_Accord,15.405036,-6.606294
741_2010_Honda_Civic,-1.1121676,-6.9346976
742_2011_Honda_Civic,-0.6086599,-6.5665174
743_2012_Honda_Civic,-9.893329,-14.722245
744_2012_Honda_Civic,-0.60866416,-6.566516
745_2010_Honda_CR-V,-6.3197107,7.257327
746_2011_Honda_CR-V,-6.261231,7.138731
747_2012_Honda_CR-V,-6.261231,7.1387305
748_2013_Honda_CR-V,-6.261197,7.138807
749_2014_Honda_CR-V,-5.464052,7.2044225
750_2015_Honda_CR-V,-5.464052,7.2044225
751_2017_Honda_CR-V,-6.38538,7.7416577
752_2018_Honda_CR-V,-6.3854103,7.741665
753_2020_Honda_CR-V,-1.7694641,9.082065
754_2016_Honda_Freed,-14.122865,3.7213044
755_2010_Honda_Insight,-2.7263317,-14.253917
756_2017_Honda_N-BOX,-24.232172,-1.8535293
757_2016_Honda_N-WGN,-24.045345,-2.0503485
758_2012_Honda_Pilot,6.0975823,8.097875
759_2017_Honda_Pilot,8.734739,8.728089
760_2015_Honda_Shuttle,-4.700965,-12.043294
761_2016_Honda_Shuttle,-4.7009654,-12.043294
762_2014_Honda_Vezel,-12.123033,3.310281
763_2016_Hyundai_Creta,-12.520546,3.8432262
764_2017_Hyundai_Creta,-12.5205555,3.8432226
765_2018_Hyundai_Creta,-12.5205555,3.8432224
1187_2012_Mazda_3,0.61399615,-5.089467
766_2019_Hyundai_Creta,-12.52056,3.8432071
767_2020_Hyundai_Creta,-12.520551,3.8432114
768_2011_Hyundai_Elantra,-0.97399557,-6.259828
769_2012_Hyundai_Elantra,-0.97430575,-6.259544
770_2015_Hyundai_Elantra,0.54803616,-6.6045723
771_2016_Hyundai_Elantra,0.5481416,-6.604576
772_2017_Hyundai_Elantra,0.5480355,-6.6045723
773_2018_Hyundai_Elantra,3.0300698,-8.022322
774_2019_Hyundai_Elantra,3.0300727,-8.022319
775_2020_Hyundai_Elantra,3.610485,-8.98133
776_2010_Hyundai_Equus,18.003956,2.5570762
777_2012_Hyundai_Equus,18.00396,2.5570772
778_2013_Hyundai_Equus,17.981123,4.3907633
779_2014_Hyundai_Equus,17.981121,4.390774
780_2015_Hyundai_Equus,17.98112,4.3907733
781_2016_Hyundai_Genesis,16.122053,-2.096421
782_2013_Hyundai_Genesis Coupe,4.252232,-11.270413
783_2010_Hyundai_Getz,-19.236732,-4.3756275
784_2010_Hyundai_Getz,-19.237488,-4.3774195
785_2010_Hyundai_Grand Starex,13.502505,13.714785
786_2011_Hyundai_Grand Starex,13.502522,13.714773
787_2012_Hyundai_Grand Starex,13.502512,13.714785
788_2013_Hyundai_Grand Starex,13.502519,13.714777
789_2016_Hyundai_Grand Starex,13.589167,13.735165
790_2017_Hyundai_Grand Starex,13.5891695,13.735165
791_2018_Hyundai_Grand Starex,13.589151,13.735182
792_2019_Hyundai_Grand Starex,13.589173,13.735171
793_2010_Hyundai_i20,-17.729326,-4.879
794_2010_Hyundai_i30,-12.515568,-11.804445
795_2011_Hyundai_i30,-10.407113,-12.351361
796_2012_Hyundai_i30,-10.406957,-12.351583
797_2012_Hyundai_i30,-3.5002208,-4.9356966
798_2013_Hyundai_i30,-10.406958,-12.351583
799_2013_Hyundai_i30,-10.407188,-12.35182
800_2019_Hyundai_i30 N,-9.338521,-16.957571
801_2011_Hyundai_i40,8.3194,-13.309113
802_2012_Hyundai_i40,8.319267,-13.308824
803_2013_Hyundai_i40,9.038717,-12.985725
804_2013_Hyundai_i40,8.3194,-13.309113
805_2014_Hyundai_i40,8.3194065,-13.309116
806_2015_Hyundai_i40,9.167527,-13.190627
807_2015_Hyundai_i40,8.460464,-13.358744
808_2016_Hyundai_i40,9.167528,-13.190627
809_2016_Hyundai_i40,8.460461,-13.358743
810_2017_Hyundai_i40,8.460319,-13.358593
811_2016_Hyundai_IONIQ,-4.302301,-7.2198386
812_2010_Hyundai_ix35,-7.2639937,2.1857493
813_2011_Hyundai_ix35,-7.263991,2.1857498
814_2012_Hyundai_ix35,-7.263916,2.1862342
815_2013_Hyundai_ix35,-7.609404,2.179808
816_2014_Hyundai_ix35,-7.609404,2.1798065
817_2015_Hyundai_ix35,-7.609024,2.179325
818_2010_Hyundai_ix55,5.8596463,6.4989486
819_2011_Hyundai_ix55,5.8598766,6.4980392
820_2018_Hyundai_Kona,-16.583025,2.0364366
821_2010_Hyundai_Santa Fe,-2.391928,11.913949
822_2011_Hyundai_Santa Fe,-2.391928,11.913949
823_2012_Hyundai_Santa Fe,-0.4427162,10.599949
824_2013_Hyundai_Santa Fe,-0.44246727,10.599706
825_2014_Hyundai_Santa Fe,-0.44271493,10.599947
826_2015_Hyundai_Santa Fe,-0.47043827,10.675917
827_2016_Hyundai_Santa Fe,-0.4704379,10.675916
828_2017_Hyundai_Santa Fe,-0.47043896,10.675915
829_2018_Hyundai_Santa Fe,2.8393292,4.261237
830_2019_Hyundai_Santa Fe,2.8393235,4.261241
831_2020_Hyundai_Santa Fe,-1.1623117,3.4469569
832_2011_Hyundai_Solaris,-14.037194,-4.2029614
833_2011_Hyundai_Solaris,-3.5679533,-13.997176
834_2012_Hyundai_Solaris,-14.037214,-4.20288
835_2012_Hyundai_Solaris,-3.5679152,-13.997182
836_2013_Hyundai_Solaris,-14.037173,-4.202928
837_2013_Hyundai_Solaris,-3.567953,-13.997175
838_2014_Hyundai_Solaris,-13.995817,-4.2095237
839_2014_Hyundai_Solaris,-3.532145,-13.904228
840_2015_Hyundai_Solaris,-13.995892,-4.209392
841_2015_Hyundai_Solaris,-3.5321927,-13.904001
842_2016_Hyundai_Solaris,-13.995892,-4.2093935
843_2016_Hyundai_Solaris,-3.5320399,-13.904087
844_2017_Hyundai_Solaris,-3.2253518,-12.631159
845_2018_Hyundai_Solaris,-3.2254257,-12.631072
846_2019_Hyundai_Solaris,-3.225426,-12.631072
847_2020_Hyundai_Solaris,-3.2254248,-12.631071
848_2010_Hyundai_Sonata,12.596991,-11.185601
849_2011_Hyundai_Sonata,12.596998,-11.185598
850_2017_Hyundai_Sonata,15.259195,-9.880737
851_2018_Hyundai_Sonata,15.259644,-9.880251
852_2019_Hyundai_Sonata,16.395329,-7.6180844
853_2020_Hyundai_Sonata,16.39519,-7.618035
854_2014_Hyundai_Tucson,-7.435003,2.083758
855_2016_Hyundai_Tucson,-5.395473,2.3940437
856_2017_Hyundai_Tucson,-5.3953958,2.3940506
857_2018_Hyundai_Tucson,-5.362696,2.4046464
858_2019_Hyundai_Tucson,-5.362682,2.404684
859_2020_Hyundai_Tucson,-5.772996,3.942552
860_2011_Infiniti_EX,-0.5115803,1.515638
861_2012_Infiniti_EX,-0.5115813,1.5156381
862_2013_Infiniti_EX,-0.5115801,1.515638
863_2010_Infiniti_FX,6.745051,3.6640675
864_2011_Infiniti_FX,6.745163,3.6643283
865_2012_Infiniti_FX,6.745578,3.6640637
866_2013_Infiniti_FX,6.7455297,3.664217
867_2010_Infiniti_M,15.864818,-3.86948
868_2011_Infiniti_M,15.864828,-3.8694682
869_2012_Infiniti_M,15.86483,-3.8694715
870_2016_Infiniti_Q30,-8.109581,-5.8770227
871_2014_Infiniti_Q50,8.775801,-10.622889
872_2015_Infiniti_Q50,8.775834,-10.622837
873_2016_Infiniti_Q50,8.775837,-10.622833
874_2017_Infiniti_Q50,8.9151325,-10.44423
875_2014_Infiniti_Q70,17.420734,2.4654908
876_2016_Infiniti_Q70,17.420736,2.4654903
877_2016_Infiniti_QX30,-6.930392,-3.1947145
878_2013_Infiniti_QX50,-0.51156735,1.5156387
879_2014_Infiniti_QX50,-0.51156706,1.5156387
880_2015_Infiniti_QX50,5.329045,-0.5849142
881_2016_Infiniti_QX50,5.3290453,-0.5849184
882_2017_Infiniti_QX50,1.2246336,10.417475
883_2018_Infiniti_QX50,1.2245387,10.417765
884_2019_Infiniti_QX50,1.2245288,10.417802
885_2010_Infiniti_QX56,10.085919,15.734732
886_2011_Infiniti_QX56,10.0859165,15.734733
887_2012_Infiniti_QX56,10.085917,15.734728
888_2013_Infiniti_QX56,10.085917,15.734732
889_2014_Infiniti_QX60,10.103914,9.464909
890_2015_Infiniti_QX60,10.103925,9.465065
891_2016_Infiniti_QX60,11.17791,11.193418
892_2017_Infiniti_QX60,11.177908,11.193429
893_2018_Infiniti_QX60,11.17791,11.193535
894_2013_Infiniti_QX70,6.7455306,3.6642187
895_2014_Infiniti_QX70,6.745133,3.6642852
896_2015_Infiniti_QX70,6.745211,3.6641734
897_2016_Infiniti_QX70,6.7451615,3.6643238
898_2017_Infiniti_QX70,6.7450175,3.6643102
899_2013_Infiniti_QX80,10.085918,15.734733
900_2015_Infiniti_QX80,10.085917,15.734732
901_2016_Infiniti_QX80,10.085918,15.734727
902_2018_Infiniti_QX80,10.232791,15.849935
903_2019_Infiniti_QX80,10.232791,15.849935
904_2018_Jaguar_E-Pace,-5.4331965,1.1637678
905_2016_Jaguar_F-Pace,1.8849331,9.754229
906_2017_Jaguar_F-Pace,1.8849249,9.754252
907_2018_Jaguar_F-Pace,1.8849701,9.7542
908_2020_Jaguar_F-Pace,2.5940654,7.151536
909_2015_Jaguar_F-Type,-0.14876239,-17.20138
910_2019_Jaguar_I-Pace,-1.1746898,3.4647574
911_2015_Jaguar_XE,4.6368546,-11.467378
912_2018_Jaguar_XE,4.636853,-11.467376
913_2010_Jaguar_XF,15.328221,-1.0336764
914_2011_Jaguar_XF,16.20665,-2.4436357
915_2012_Jaguar_XF,16.206652,-2.443632
916_2013_Jaguar_XF,16.206652,-2.4436269
917_2014_Jaguar_XF,16.206654,-2.4436243
918_2015_Jaguar_XF,16.6298,-2.9392502
919_2016_Jaguar_XF,16.629803,-2.9392502
920_2018_Jaguar_XF,16.629805,-2.9392502
921_2010_Jaguar_XJ,18.39567,2.1004808
922_2012_Jaguar_XJ,18.395678,2.1004755
923_2013_Jaguar_XJ,18.394434,2.0998478
924_2016_Jaguar_XJ,18.208113,3.4795687
925_2019_Jaguar_XJ,18.208117,3.4795825
926_2012_Jeep_Cherokee,-8.519126,7.7308726
927_2018_Jeep_Compass,-6.6065392,1.191565
928_2010_Jeep_Grand Cherokee,11.076501,3.7013443
929_2011_Jeep_Grand Cherokee,11.076501,3.7013502
930_2012_Jeep_Grand Cherokee,11.076498,3.701366
931_2013_Jeep_Grand Cherokee,5.4340205,7.426815
932_2014_Jeep_Grand Cherokee,5.434019,7.426814
933_2016_Jeep_Grand Cherokee,5.4340196,7.426811
934_2017_Jeep_Grand Cherokee,5.43402,7.4268117
935_2018_Jeep_Grand Cherokee,5.43402,7.4268136
936_2019_Jeep_Grand Cherokee,5.434019,7.426813
937_2015_Jeep_Renegade,-13.326719,5.0831227
938_2017_Jeep_Renegade,-13.32672,5.0831223
939_2011_Jeep_Wrangler,-13.659507,7.047169
940_2012_Jeep_Wrangler,-13.659504,7.0471635
941_2013_Jeep_Wrangler,-2.0704923,15.999087
942_2016_Jeep_Wrangler,-13.659504,7.0471625
943_2018_Jeep_Wrangler,1.279426,16.632067
944_2019_Jeep_Wrangler,1.2794269,16.632067
945_2010_Kia_Carens,-6.3994684,5.9083486
946_2017_Kia_Carnival,11.953541,11.76381
947_2018_Kia_Carnival,11.953535,11.763809
948_2019_Kia_Carnival,11.953538,11.763808
949_2010_Kia_Ceed,-12.204802,-12.044535
950_2010_Kia_Ceed,-4.8673987,-3.6728215
951_2011_Kia_Ceed,-12.204649,-12.044547
952_2011_Kia_Ceed,-12.522264,-12.999764
953_2012_Kia_Ceed,-10.247015,-12.370511
954_2012_Kia_Ceed,-2.7823882,-5.373419
955_2013_Kia_Ceed,-10.246994,-12.370579
956_2013_Kia_Ceed,-2.7825122,-5.3726873
957_2014_Kia_Ceed,-10.247014,-12.370514
958_2014_Kia_Ceed,-9.843286,-14.497898
959_2014_Kia_Ceed,-2.7821503,-5.3727155
960_2015_Kia_Ceed,-10.247024,-12.37051
961_2015_Kia_Ceed,-9.848083,-14.530995
962_2015_Kia_Ceed,-2.7822282,-5.372897
963_2016_Kia_Ceed,-10.247026,-12.37051
964_2016_Kia_Ceed,-9.84809,-14.530992
965_2016_Kia_Ceed,-2.7825174,-5.3726826
966_2017_Kia_Ceed,-10.246985,-12.37058
967_2017_Kia_Ceed,-9.8480835,-14.530995
968_2017_Kia_Ceed,-2.7825963,-5.3722835
969_2018_Kia_Ceed,-10.1849165,-14.692898
970_2018_Kia_Ceed,2.0663059,-6.4949565
971_2019_Kia_Ceed,-10.184764,-14.693363
972_2020_Kia_Ceed,-10.184765,-14.693363
973_2020_Kia_Ceed,2.066199,-6.495328
974_2014_Kia_Ceed GT,-9.40288,-16.764395
975_2010_Kia_Cerato,-4.1970916,-7.867874
976_2010_Kia_Cerato,-1.1660762,-5.9671607
977_2011_Kia_Cerato,-1.1660758,-5.967166
978_2012_Kia_Cerato,-4.1971564,-7.867531
979_2012_Kia_Cerato,-1.166076,-5.9671636
980_2013_Kia_Cerato,-0.01797987,-6.467762
981_2014_Kia_Cerato,-0.017937299,-6.467847
982_2015_Kia_Cerato,-0.018049426,-6.4677515
983_2016_Kia_Cerato,-0.017959781,-6.4677963
984_2017_Kia_Cerato,-0.017939081,-6.4678054
985_2018_Kia_Cerato,3.4620442,-8.232352
986_2019_Kia_Cerato,3.4619367,-8.232983
987_2020_Kia_Cerato,3.4619408,-8.232986
988_2020_Kia_K5,16.455967,-7.473001
989_2019_Kia_K900,18.26364,1.8223368
990_2010_Kia_Magentis,11.46976,-11.690897
991_2015_Kia_Morning,-22.385471,-2.9653635
992_2011_Kia_Optima,13.537977,-10.837536
993_2012_Kia_Optima,13.537967,-10.8375435
994_2013_Kia_Optima,13.537981,-10.837535
995_2014_Kia_Optima,13.537982,-10.837535
996_2015_Kia_Optima,13.147818,-5.8623724
997_2016_Kia_Optima,13.147814,-5.8623834
998_2017_Kia_Optima,13.147811,-5.8623824
999_2018_Kia_Optima,13.145512,-5.868182
1000_2019_Kia_Optima,13.145513,-5.8681493
1001_2020_Kia_Optima,13.145516,-5.868152
1002_2010_Kia_Picanto,-22.670738,-2.8881295
1003_2011_Kia_Picanto,-22.392094,-2.9679365
1004_2012_Kia_Picanto,-22.392076,-2.967937
1005_2013_Kia_Picanto,-22.392227,-2.973025
1006_2013_Kia_Picanto,-22.390041,-2.9759908
1007_2014_Kia_Picanto,-22.392084,-2.9679368
1008_2014_Kia_Picanto,-22.39003,-2.9759915
1009_2016_Kia_Picanto,-22.39501,-2.9736545
1010_2017_Kia_Picanto,-22.364256,-2.9479136
1011_2018_Kia_Picanto,-22.364193,-2.94587
1012_2019_Kia_Picanto,-22.36425,-2.9479156
1013_2020_Kia_Picanto,-22.364256,-2.9479163
1014_2013_Kia_Quoris,17.806583,1.912345
1015_2014_Kia_Quoris,17.41132,2.216196
1016_2010_Kia_Rio,-16.237072,-4.7050076
1017_2010_Kia_Rio,-8.652219,-11.061803
1018_2011_Kia_Rio,-13.995729,-4.2096214
1019_2011_Kia_Rio,-3.5679152,-13.997182
1020_2012_Kia_Rio,-13.995874,-4.2095213
1021_2012_Kia_Rio,-3.5679407,-13.997177
1022_2013_Kia_Rio,-13.995879,-4.2094607
1023_2013_Kia_Rio,-3.5679138,-13.997166
1024_2014_Kia_Rio,-13.995892,-4.209394
1025_2014_Kia_Rio,-3.5679135,-13.997165
1026_2015_Kia_Rio,-13.948714,-4.2045765
1027_2015_Kia_Rio,-3.567949,-13.997175
1028_2016_Kia_Rio,-13.948714,-4.2045765
1029_2016_Kia_Rio,-3.5679533,-13.997174
1030_2017_Kia_Rio,-12.135186,-10.391039
1031_2017_Kia_Rio,-3.2447598,-12.49195
1032_2018_Kia_Rio,-12.135199,-10.391073
1033_2018_Kia_Rio,-3.2448533,-12.491881
1034_2019_Kia_Rio,-12.1352,-10.391076
1036_2020_Kia_Rio,-10.974488,-9.93235
1037_2020_Kia_Rio,-3.1634636,-12.196447
1038_2019_Kia_Seltos,-10.020261,0.49141642
1039_2020_Kia_Seltos,-10.020261,0.49141634
1040_2010_Kia_Sorento,-1.0097827,11.111281
1041_2011_Kia_Sorento,-1.0097829,11.111281
1042_2012_Kia_Sorento,-0.99253196,11.110689
1043_2013_Kia_Sorento,-0.9925324,11.110688
1044_2014_Kia_Sorento,2.9490018,4.2473416
1045_2015_Kia_Sorento,2.9490025,4.247341
1046_2016_Kia_Sorento,2.9490778,4.247213
1047_2017_Kia_Sorento,3.1518245,4.1550107
1048_2018_Kia_Sorento,3.1518238,4.155007
1049_2019_Kia_Sorento,3.151733,4.1550107
1050_2020_Kia_Sorento,3.3308296,4.174306
1051_2010_Kia_Soul,-17.72075,2.3603983
1052_2011_Kia_Soul,-17.399916,2.5273595
1053_2012_Kia_Soul,-17.39971,2.5273132
1054_2013_Kia_Soul,-17.161528,2.6879778
1055_2014_Kia_Soul,-17.161352,2.687931
1056_2015_Kia_Soul,-17.161348,2.6879525
1057_2016_Kia_Soul,-17.17944,2.7902813
1058_2017_Kia_Soul,-17.179441,2.7902782
1059_2018_Kia_Soul,-17.179441,2.790281
1060_2019_Kia_Soul,-16.162334,3.5122418
1061_2020_Kia_Soul,-16.162336,3.5122433
1062_2011_Kia_Spectra,-1.8779044,-8.486432
1063_2010_Kia_Sportage,-6.243632,1.2237265
1064_2011_Kia_Sportage,-6.2436323,1.2237235
1065_2012_Kia_Sportage,-6.243631,1.2237262
1066_2013_Kia_Sportage,-6.243598,1.2238986
1067_2014_Kia_Sportage,-5.692325,1.677093
1068_2015_Kia_Sportage,-5.6923256,1.6770924
1069_2016_Kia_Sportage,-5.354301,2.323059
1070_2017_Kia_Sportage,-5.3543005,2.3230617
1071_2018_Kia_Sportage,-5.4067187,2.4525087
1072_2019_Kia_Sportage,-5.4067187,2.4525084
1073_2020_Kia_Sportage,-5.4066167,2.4526024
1074_2018_Kia_Stinger,9.9277725,-9.669129
1075_2019_Kia_Stinger,9.927742,-9.66915
1076_2020_Kia_Stinger,9.926171,-9.674025
1077_2011_Kia_Venga,-18.638672,1.9644375
1078_2012_Kia_Venga,-18.638666,1.9644353
1079_2014_Kia_Venga,-18.565393,1.9821149
1080_2020_Kia_XCeed,-8.882566,-6.7914405
1081_2020_Land Rover_Defender,5.3696666,15.079482
1082_2010_Land Rover_Discovery,-0.16220124,17.0937
1083_2011_Land Rover_Discovery,-0.16219912,17.0937
1084_2012_Land Rover_Discovery,-0.16220124,17.0937
1085_2013_Land Rover_Discovery,-0.048647728,17.04173
1086_2014_Land Rover_Discovery,-0.048645437,17.041735
1087_2017_Land Rover_Discovery,7.211019,11.915687
1088_2018_Land Rover_Discovery,7.2113853,11.916192
1089_2019_Land Rover_Discovery,7.2113824,11.916213
1090_2016_Land Rover_Discovery Sport,-6.644032,12.134903
1091_2017_Land Rover_Discovery Sport,-6.644032,12.134903
1092_2018_Land Rover_Discovery Sport,-6.644032,12.134904
1093_2019_Land Rover_Discovery Sport,-6.6574416,12.118961
1094_2020_Land Rover_Discovery Sport,-6.657423,12.118977
1095_2010_Land Rover_Freelander,-7.056509,11.761915
1096_2011_Land Rover_Freelander,-7.056508,11.761916
1097_2012_Land Rover_Freelander,-6.976089,11.856211
1098_2013_Land Rover_Freelander,-6.976104,11.856197
1099_2014_Land Rover_Freelander,-6.976089,11.85621
1100_2010_Land Rover_Range Rover,7.313766,12.233618
1101_2011_Land Rover_Range Rover,7.313766,12.233617
1102_2012_Land Rover_Range Rover,6.013976,12.31236
1103_2013_Land Rover_Range Rover,6.0139956,12.312345
1104_2014_Land Rover_Range Rover,6.013974,12.312359
1105_2015_Land Rover_Range Rover,6.0139647,12.312365
1106_2016_Land Rover_Range Rover,6.013976,12.312362
1107_2017_Land Rover_Range Rover,10.173687,14.782206
1108_2018_Land Rover_Range Rover,10.174182,14.782162
1109_2019_Land Rover_Range Rover,10.174154,14.782161
1110_2020_Land Rover_Range Rover,10.173951,14.782163
1111_2010_Land Rover_Range Rover Sport,5.3487267,8.073813
1112_2011_Land Rover_Range Rover Sport,5.3487053,8.073824
1113_2012_Land Rover_Range Rover Sport,5.348727,8.073814
1114_2013_Land Rover_Range Rover Sport,5.9751496,7.4832897
1115_2014_Land Rover_Range Rover Sport,5.9751716,7.483261
1116_2015_Land Rover_Range Rover Sport,5.975266,7.483134
1117_2016_Land Rover_Range Rover Sport,5.9751496,7.4832907
1118_2017_Land Rover_Range Rover Sport,6.650497,10.218581
1119_2018_Land Rover_Range Rover Sport,6.6504784,10.218594
1120_2019_Land Rover_Range Rover Sport,6.650481,10.218594
1121_2020_Land Rover_Range Rover Sport,6.650285,10.218721
1122_2017_Land Rover_Range Rover Velar,2.838623,6.838187
1123_2018_Land Rover_Range Rover Velar,2.8387377,6.838168
1124_2019_Land Rover_Range Rover Velar,2.8383515,6.8379164
1125_2020_Land Rover_Range Rover Velar,2.83835,6.83792
1126_2011_Lexus_CT,-9.609381,-13.888226
1127_2012_Lexus_CT,-9.609381,-13.8882265
1128_2010_Lexus_ES,12.830739,-6.147391
1129_2012_Lexus_ES,16.964613,-8.056475
1130_2013_Lexus_ES,16.96462,-8.056473
1131_2014_Lexus_ES,16.964617,-8.056474
1132_2015_Lexus_ES,17.07984,-7.94522
1133_2016_Lexus_ES,17.07984,-7.945206
1134_2018_Lexus_ES,17.685514,-3.543382
1135_2019_Lexus_ES,17.685514,-3.543394
1136_2020_Lexus_ES,17.685516,-3.5433936
1137_2012_Lexus_GS,13.753452,-6.9619412
1138_2015_Lexus_GS,13.260715,-6.0046997
1139_2010_Lexus_GX,1.7058048,15.612477
1140_2011_Lexus_GX,1.7058033,15.612474
1141_2010_Lexus_IS,1.7991227,-9.191016
1142_2013_Lexus_IS,7.4982443,-7.551863
1143_2014_Lexus_IS,7.4982424,-7.551858
1144_2015_Lexus_IS,7.4982452,-7.551865
1145_2018_Lexus_IS,7.54078,-7.5529838
1146_2012_Lexus_LS,17.078447,2.3790312
1147_2015_Lexus_LS,17.078445,2.3790364
1148_2018_Lexus_LS,17.671955,3.5742762
1149_2010_Lexus_LX,7.6207695,12.993406
1150_2011_Lexus_LX,7.6200566,12.993379
1151_2012_Lexus_LX,7.610464,13.12019
1152_2013_Lexus_LX,7.610449,13.120197
1153_2015_Lexus_LX,6.6269283,15.06228
1154_2016_Lexus_LX,6.62687,15.062304
1155_2017_Lexus_LX,6.6268697,15.062303
1156_2018_Lexus_LX,6.6268654,15.0623
1157_2019_Lexus_LX,6.626706,15.062232
1158_2020_Lexus_LX,6.6267104,15.062228
1159_2014_Lexus_NX,-1.9890078,5.9671717
1160_2015_Lexus_NX,-1.9890075,5.967171
1161_2016_Lexus_NX,-1.9890057,5.9670625
1162_2017_Lexus_NX,-1.9428883,5.9964724
1163_2018_Lexus_NX,-1.942891,5.9964743
1164_2019_Lexus_NX,-1.9428936,5.9964714
1165_2010_Lexus_RX,2.8309672,4.454761
1166_2011_Lexus_RX,2.8310254,4.454837
1167_2012_Lexus_RX,2.8202736,4.4466653
1168_2013_Lexus_RX,2.8202746,4.446659
1169_2014_Lexus_RX,2.8202734,4.4466667
1170_2015_Lexus_RX,11.282253,8.144895
1171_2016_Lexus_RX,11.282251,8.144891
1172_2017_Lexus_RX,11.282252,8.144889
1173_2018_Lexus_RX,11.282237,8.144853
1174_2019_Lexus_RX,11.268668,8.178621
1175_2020_Lexus_RX,11.268666,8.178624
1176_2014_Maserati_Ghibli,15.345131,-0.2574638
1177_2018_Maserati_Ghibli,15.251357,-0.14447856
1178_2017_Maserati_Levante,10.530013,6.1216717
1179_2018_Maserati_Levante,10.530013,6.121673
1180_2010_Maserati_Quattroporte,16.918798,2.524747
1181_2013_Maserati_Quattroporte,17.805565,3.6851008
1182_2010_Mazda_2,-18.004213,-4.875855
1183_2010_Mazda_3,-3.8806837,-6.40757
1184_2011_Mazda_3,-3.8806841,-6.4075685
1185_2011_Mazda_3,0.6142388,-5.089034
1186_2012_Mazda_3,-3.8806827,-6.407571
1188_2013_Mazda_3,-4.283907,-7.162963
1189_2013_Mazda_3,0.9944125,-6.606956
1190_2014_Mazda_3,-4.283806,-7.1629767
1191_2014_Mazda_3,1.0022215,-6.6100044
1192_2015_Mazda_3,-4.2836494,-7.162944
1193_2015_Mazda_3,1.0022002,-6.610217
1194_2016_Mazda_3,0.85036945,-6.5764074
1195_2019_Mazda_3,-4.3202868,-7.381043
1196_2010_Mazda_6,8.425415,-14.12169
1197_2011_Mazda_6,8.42464,-14.123254
1198_2011_Mazda_6,8.425416,-14.121684
1199_2012_Mazda_6,8.424639,-14.123255
1200_2012_Mazda_6,16.182407,-9.013092
1201_2013_Mazda_6,16.182587,-9.013271
1202_2014_Mazda_6,16.182465,-9.012906
1203_2015_Mazda_6,16.18265,-9.013096
1204_2016_Mazda_6,16.18254,-9.012766
1205_2017_Mazda_6,16.182404,-9.013104
1206_2018_Mazda_6,16.182543,-9.01276
1207_2019_Mazda_6,16.18254,-9.012764
1208_2020_Mazda_6,16.182419,-9.013107
1209_2010_Mazda_BT-50,15.43031,11.174325
1210_2020_Mazda_CX-30,-8.326373,-5.3828845
1211_2011_Mazda_CX-5,-6.882942,7.504189
1212_2012_Mazda_CX-5,-6.882967,7.5041795
1213_2013_Mazda_CX-5,-6.8829417,7.5041885
1214_2014_Mazda_CX-5,-6.882976,7.5041766
1215_2015_Mazda_CX-5,-6.8828993,7.5047503
1216_2016_Mazda_CX-5,-6.8772583,7.469521
1217_2017_Mazda_CX-5,-6.9697785,7.3225427
1218_2018_Mazda_CX-5,-6.9700527,7.3232255
1219_2019_Mazda_CX-5,-6.9700685,7.323249
1220_2020_Mazda_CX-5,-6.9700184,7.3227687
1221_2010_Mazda_CX-7,0.8455342,10.227153
1222_2011_Mazda_CX-7,0.8455058,10.227031
1223_2012_Mazda_CX-9,11.320715,11.056111
1224_2013_Mazda_CX-9,11.32071,11.056109
1225_2016_Mazda_CX-9,11.105942,10.97179
1226_2017_Mazda_CX-9,11.105931,10.971789
1227_2018_Mazda_CX-9,11.105942,10.97179
1228_2016_Mazda_Demio,-15.3513,-3.9610977
1229_2013_Mazda_Flair,-24.015625,-2.076677
1230_2015_Mazda_Flair,-24.015486,-2.0772765
1231_2017_Mazda_Flair,-24.036743,-2.057599
1232_2017_Mazda_Flair Crossover,-24.065687,-2.0236852
1233_2016_Mazda_Scrum,-24.35136,-1.7171985
1234_2012_MINI_Clubman,-18.207275,-6.178676
1235_2013_MINI_Clubman,-18.207268,-6.1786795
1236_2016_MINI_Clubman,-9.570546,-17.121304
1237_2017_MINI_Clubman,-9.570545,-17.121302
1238_2019_MINI_Clubman,-9.570875,-17.273207
1239_2020_MINI_Clubman,-9.570873,-17.273207
1240_2011_MINI_Countryman,-17.426088,1.4897522
1241_2012_MINI_Countryman,-17.426085,1.4897554
1242_2013_MINI_Countryman,-17.426085,1.4897553
1243_2015_MINI_Countryman,-17.426085,1.489754
1244_2016_MINI_Countryman,-10.04162,-4.3344445
1245_2017_MINI_Countryman,-10.04162,-4.3344445
1246_2018_MINI_Countryman,-10.04162,-4.3344455
1247_2020_MINI_Countryman,-10.046322,-4.316256
1248_2012_MINI_Coupe,-19.983965,-5.9271593
1249_2010_MINI_Hatch,-19.853594,-5.9759517
1250_2011_MINI_Hatch,-19.853598,-5.975953
1251_2012_MINI_Hatch,-19.853598,-5.975951
1252_2013_MINI_Hatch,-19.295927,-6.2547665
1253_2014_MINI_Hatch,-17.677742,-5.902145
1254_2014_MINI_Hatch,-19.295923,-6.2547655
1255_2015_MINI_Hatch,-19.295933,-6.2547765
1256_2016_MINI_Hatch,-19.295937,-6.2547774
1257_2017_MINI_Hatch,-19.295935,-6.2547755
1258_2018_MINI_Hatch,-19.353876,-6.155589
1259_2019_MINI_Hatch,-17.49261,-5.953215
1260_2019_MINI_Hatch,-19.353874,-6.15559
1261_2020_MINI_Hatch,-19.353874,-6.155589
1262_2010_Mitsubishi_ASX,-12.152682,3.5286837
1263_2011_Mitsubishi_ASX,-12.152682,3.5286837
1264_2012_Mitsubishi_ASX,-12.14603,3.5857146
1265_2013_Mitsubishi_ASX,-12.146029,3.5857146
1266_2014_Mitsubishi_ASX,-12.1460285,3.585715
1267_2017_Mitsubishi_ASX,-12.116313,3.389276
1268_2018_Mitsubishi_ASX,-12.116336,3.3893335
1269_2019_Mitsubishi_ASX,-12.116336,3.3893328
1270_2018_Mitsubishi_Eclipse Cross,-7.6852503,2.6807969
1271_2019_Mitsubishi_Eclipse Cross,-7.685249,2.6807992
1272_2010_Mitsubishi_L200,15.556883,11.367035
1273_2012_Mitsubishi_L200,15.556883,11.367034
1274_2013_Mitsubishi_L200,15.819962,11.994244
1275_2014_Mitsubishi_L200,15.819958,11.994256
1276_2015_Mitsubishi_L200,15.71404,11.827853
1277_2017_Mitsubishi_L200,15.714045,11.827865
1278_2019_Mitsubishi_L200,15.71093,11.982233
1279_2010_Mitsubishi_Lancer,0.81544447,-4.2832007
1280_2011_Mitsubishi_Lancer,0.8320845,-4.2468414
1281_2012_Mitsubishi_Lancer,0.832506,-4.246836
1282_2014_Mitsubishi_Lancer,0.8320689,-4.2468624
1283_2015_Mitsubishi_Lancer,3.799029,-5.693302
1284_2010_Mitsubishi_Outlander,-3.3674712,7.4420314
1285_2011_Mitsubishi_Outlander,-3.3674712,7.4420333
1286_2012_Mitsubishi_Outlander,-3.6152184,7.467459
1287_2013_Mitsubishi_Outlander,-3.6152189,7.4674597
1288_2014_Mitsubishi_Outlander,-3.569008,7.4881663
1289_2015_Mitsubishi_Outlander,-2.7963748,7.358037
1290_2016_Mitsubishi_Outlander,-2.7964168,7.3584766
1291_2017_Mitsubishi_Outlander,-2.796401,7.358239
1292_2018_Mitsubishi_Outlander,-2.7453547,7.4543953
1293_2019_Mitsubishi_Outlander,-2.7453551,7.4543953
1294_2020_Mitsubishi_Outlander,-2.745319,7.4544544
1295_2010_Mitsubishi_Pajero,0.5392045,17.43753
1296_2011_Mitsubishi_Pajero,0.53920585,17.437521
1297_2012_Mitsubishi_Pajero,0.53923124,17.437475
1298_2013_Mitsubishi_Pajero,0.53921163,17.4375
1299_2014_Mitsubishi_Pajero,0.5110411,17.352177
1300_2015_Mitsubishi_Pajero,0.5110403,17.352179
1301_2017_Mitsubishi_Pajero,0.5110406,17.352179
1302_2018_Mitsubishi_Pajero,0.51104033,17.352177
1303_2010_Mitsubishi_Pajero Sport,-3.080207,13.781092
1304_2011_Mitsubishi_Pajero Sport,-3.080207,13.781091
1305_2012_Mitsubishi_Pajero Sport,-3.0802073,13.781091
1306_2013_Mitsubishi_Pajero Sport,-3.0802035,13.781126
1307_2014_Mitsubishi_Pajero Sport,-3.0801265,13.780659
1308_2015_Mitsubishi_Pajero Sport,-1.8873547,15.798565
1309_2016_Mitsubishi_Pajero Sport,-1.8874451,15.798652
1310_2017_Mitsubishi_Pajero Sport,-1.8874406,15.798655
1311_2018_Mitsubishi_Pajero Sport,-1.887438,15.798656
1312_2019_Mitsubishi_Pajero Sport,-1.4756775,16.02098
1313_2020_Mitsubishi_Pajero Sport,-1.4756761,16.020983
1314_2017_Nissan_AD,-3.957649,-13.147495
1315_2013_Nissan_Almera,3.3616295,-3.1481764
1316_2014_Nissan_Almera,3.361632,-3.1481752
1317_2015_Nissan_Almera,3.3616476,-3.1482613
1318_2016_Nissan_Almera,3.3616333,-3.148206
1319_2017_Nissan_Almera,3.3616302,-3.1481752
1320_2018_Nissan_Almera,3.3616343,-3.1482053
1321_2010_Nissan_Almera Classic,-2.0562966,-8.551336
1322_2011_Nissan_Almera Classic,-2.0562453,-8.551361
1323_2012_Nissan_Almera Classic,-2.0562863,-8.5513115
1324_2017_Nissan_Dayz,-23.968914,-2.1199658
1325_2015_Nissan_Dayz Roox,-24.215874,-1.8690758
1326_2016_Nissan_Dayz Roox,-24.216011,-1.8700348
1327_2011_Nissan_Juke,-16.93755,1.8032324
1328_2012_Nissan_Juke,-16.937548,1.8032323
1329_2013_Nissan_Juke,-16.937548,1.8032341
1330_2014_Nissan_Juke,-16.91992,1.8971137
1331_2015_Nissan_Juke,-16.919922,1.8971121
1332_2017_Nissan_Juke,-16.919825,1.8970227
1333_2018_Nissan_Juke,-16.919825,1.8970262
1334_2013_Nissan_Juke Nismo,-16.175543,2.2584457
1335_2011_Nissan_Leaf,-5.5547075,-3.8199935
1336_2012_Nissan_Leaf,-5.5547085,-3.8199909
1337_2013_Nissan_Leaf,-5.5547075,-3.8199944
1338_2014_Nissan_Leaf,-5.554946,-3.819805
1339_2016_Nissan_Leaf,-5.5548935,-3.8198268
1340_2017_Nissan_Leaf,-4.8125544,-3.251867
1341_2018_Nissan_Leaf,-4.812556,-3.2518663
1342_2010_Nissan_Murano,4.706488,3.7233284
1343_2011_Nissan_Murano,6.115539,4.4706354
1344_2012_Nissan_Murano,6.11554,4.4706364
1345_2013_Nissan_Murano,6.11554,4.4706364
1346_2014_Nissan_Murano,6.867246,4.224176
1347_2015_Nissan_Murano,6.86725,4.2238765
1348_2017_Nissan_Murano,6.8672466,4.224077
1349_2018_Nissan_Murano,6.8672585,4.224154
1350_2019_Nissan_Murano,6.8672457,4.224176
1351_2010_Nissan_Note,-14.492239,-3.0056667
1352_2011_Nissan_Note,-14.492237,-3.005667
1353_2012_Nissan_Note,-14.516442,-3.1925824
1354_2013_Nissan_Note,-14.516446,-3.1925616
1355_2016_Nissan_Note,-14.171396,-3.009303
1356_2017_Nissan_Note,-14.171398,-3.0093014
1357_2011_Nissan_NP300,3.306185,-2.4580848
1358_2012_Nissan_NP300,3.3061852,-2.458084
1359_2010_Nissan_Pathfinder,-1.830491,15.794728
1360_2011_Nissan_Pathfinder,-1.8304719,15.794767
1361_2012_Nissan_Pathfinder,10.005516,9.985967
1362_2013_Nissan_Pathfinder,10.005513,9.985967
1363_2014_Nissan_Pathfinder,10.00568,9.98566
1364_2015_Nissan_Pathfinder,10.005499,9.986013
1365_2016_Nissan_Pathfinder,10.297127,10.573205
1366_2017_Nissan_Pathfinder,10.297127,10.573204
1367_2010_Nissan_Patrol,8.97108,15.082079
1368_2011_Nissan_Patrol,8.971072,15.082079
1369_2010_Nissan_Qashqai,-11.502686,2.604828
1370_2011_Nissan_Qashqai,-11.502687,2.6048265
1371_2012_Nissan_Qashqai,-11.502686,2.604828
1372_2013_Nissan_Qashqai,-10.075421,0.028630506
1373_2014_Nissan_Qashqai,-10.07542,0.028631967
1374_2015_Nissan_Qashqai,-10.075419,0.028632179
1375_2016_Nissan_Qashqai,-10.075262,0.028631888
1376_2017_Nissan_Qashqai,-9.745423,0.32557386
1377_2018_Nissan_Qashqai,-9.745423,0.32557592
1378_2019_Nissan_Qashqai,-9.745423,0.32557538
1379_2020_Nissan_Qashqai,-9.745426,0.32557592
1380_2014_Nissan_Sentra,3.3881912,-5.5419726
1381_2015_Nissan_Sentra,4.089664,-5.41748
1382_2010_Nissan_Serena,-4.3512855,14.77547
1383_2015_Nissan_Serena,-4.351285,14.775469
1384_2010_Nissan_Teana,12.422986,-6.9994
1385_2011_Nissan_Teana,12.73937,-9.657778
1386_2012_Nissan_Teana,12.739391,-9.657749
1387_2013_Nissan_Teana,12.739395,-9.657754
1388_2014_Nissan_Teana,13.751496,-9.073271
1389_2015_Nissan_Teana,13.751493,-9.073271
1390_2014_Nissan_Terrano,-12.119004,6.1397667
1391_2015_Nissan_Terrano,-12.119005,6.139766
1392_2016_Nissan_Terrano,-12.119001,6.1399307
1393_2017_Nissan_Terrano,-12.119017,6.1399207
1394_2018_Nissan_Terrano,-12.119002,6.1399317
1395_2019_Nissan_Terrano,-12.118992,6.1397767
1396_2020_Nissan_Terrano,-12.11899,6.1399655
1397_2010_Nissan_Tiida,-7.488667,-10.924835
1398_2010_Nissan_Tiida,-4.938842,-5.2170143
1399_2011_Nissan_Tiida,-7.488669,-10.924848
1400_2011_Nissan_Tiida,-4.938831,-5.2170253
1401_2012_Nissan_Tiida,-7.4886684,-10.924841
1402_2013_Nissan_Tiida,-7.488665,-10.924845
1403_2012_Nissan_Vanette,-11.829023,9.317278
1404_2010_Nissan_X-Trail,-4.0830407,7.8808575
1405_2011_Nissan_X-Trail,-4.0847898,7.8801584
1406_2012_Nissan_X-Trail,-4.0830245,7.880861
1407_2013_Nissan_X-Trail,-3.8075097,7.709078
1408_2014_Nissan_X-Trail,-3.8074136,7.7100053
1409_2015_Nissan_X-Trail,-3.8074155,7.7100053
1410_2016_Nissan_X-Trail,-3.8073657,7.7100806
1411_2017_Nissan_X-Trail,-2.6952837,7.470479
1412_2018_Nissan_X-Trail,-2.695275,7.470479
1413_2019_Nissan_X-Trail,-2.6952841,7.4704804
1414_2020_Nissan_X-Trail,-2.695284,7.470479
1415_2013_Peugeot_107,-23.119516,-2.8344328
1416_2020_Peugeot_2008,-10.691134,-9.885334
1417_2010_Peugeot_207,-15.654665,-3.7783446
1418_2013_Peugeot_208,-17.474129,-5.2290235
1419_2013_Peugeot_208,-17.474373,-5.2292595
1420_2014_Peugeot_208 GTi,-18.275545,-6.188861
1421_2010_Peugeot_3008,-9.168144,1.1075226
1422_2011_Peugeot_3008,-9.168089,1.1077976
1423_2012_Peugeot_3008,-9.168083,1.1077918
1424_2013_Peugeot_3008,-9.056136,1.1490691
1425_2014_Peugeot_3008,-9.056137,1.1490699
1426_2015_Peugeot_3008,-9.056137,1.1490737
1427_2016_Peugeot_3008,-6.092029,0.6431197
1428_2017_Peugeot_3008,-6.0915294,0.6435438
1429_2013_Peugeot_301,-3.0590446,-10.903436
1430_2010_Peugeot_308,-11.651751,-11.576124
1431_2010_Peugeot_308,-4.6003227,-2.6073062
1432_2011_Peugeot_308,-11.81552,-11.599826
1433_2011_Peugeot_308,-4.3249,-2.9003544
1434_2012_Peugeot_308,-11.815563,-11.599784
1435_2013_Peugeot_308,-12.494722,-12.706216
1436_2014_Peugeot_308,-12.494769,-12.706302
1437_2016_Peugeot_308,-12.494769,-12.706299
1438_2011_Peugeot_4007,-3.7896879,7.497294
1439_2012_Peugeot_4007,-3.7896876,7.497294
1440_2012_Peugeot_4008,-11.309768,3.137288
1441_2012_Peugeot_408,5.811122,-4.4924855
1442_2013_Peugeot_408,5.8112335,-4.492528
1443_2014_Peugeot_408,5.811228,-4.4925265
1444_2015_Peugeot_408,5.811241,-4.492525
1445_2019_Peugeot_408,5.78474,-4.4941835
1446_2011_Peugeot_508,11.7801895,-9.030539
1447_2012_Peugeot_508,10.174485,-13.149047
1448_2016_Peugeot_508,10.299689,-12.6527
1449_2013_Peugeot_Expert,-0.77956843,18.5447
1450_2016_Peugeot_Expert,0.9319644,18.992937
1451_2010_Peugeot_Partner,-11.428369,9.448841
1452_2011_Peugeot_Partner,-11.428387,9.448839
1453_2011_Peugeot_RCZ,-11.646056,-15.467337
1454_2012_Peugeot_RCZ,-11.646054,-15.467333
1455_2017_Peugeot_Traveller,15.07925,14.432716
1456_2018_Peugeot_Traveller,15.079265,14.432691
1457_2019_Peugeot_Traveller,15.079062,14.432747
1458_2020_Peugeot_Traveller,15.079271,14.432692
1459_2013_Porsche_911,-0.23733385,-17.221504
1460_2014_Porsche_911,-0.23731287,-17.2215
1461_2019_Porsche_911,-0.06001322,-17.168652
1462_2020_Porsche_911,-0.05999148,-17.168648
1463_2015_Porsche_911 GT3,0.1356707,-17.108871
1464_2010_Porsche_Cayenne,6.4255013,5.107342
1465_2011_Porsche_Cayenne,6.4254923,5.107356
1466_2012_Porsche_Cayenne,6.4259906,5.10669
1467_2013_Porsche_Cayenne,6.425998,5.106684
1468_2014_Porsche_Cayenne,6.521595,4.9087462
1469_2015_Porsche_Cayenne,6.521789,4.9088144
1470_2016_Porsche_Cayenne,6.5217896,4.9088187
1471_2017_Porsche_Cayenne,9.513202,5.6734686
1472_2018_Porsche_Cayenne,9.5134115,5.6734385
1473_2019_Porsche_Cayenne,9.513401,5.6727314
1474_2019_Porsche_Cayenne Coupe,9.719847,5.6649656
1475_2020_Porsche_Cayenne Coupe,9.719848,5.6649647
1476_2011_Porsche_Cayman,-1.0025742,-17.437805
1477_2017_Porsche_Cayman,-0.8130073,-17.392138
1478_2018_Porsche_Cayman,-0.81292814,-17.39214
1479_2019_Porsche_Cayman,-0.81293005,-17.392143
1480_2014_Porsche_Macan,1.5396826,10.011589
1481_2015_Porsche_Macan,1.539682,10.011589
1482_2017_Porsche_Macan,1.5399785,10.01072
1483_2018_Porsche_Macan,1.5613371,9.999028
1484_2019_Porsche_Macan,1.5613364,9.999028
1485_2020_Porsche_Macan,1.5614803,9.998968
1486_2012_Porsche_Panamera,16.040997,-1.2698025
1487_2013_Porsche_Panamera,16.122145,-0.91778713
1488_2014_Porsche_Panamera,16.122149,-0.9177869
1489_2015_Porsche_Panamera,16.122135,-0.91774833
1490_2017_Porsche_Panamera,18.025364,3.2027478
1491_2017_Porsche_Panamera,19.345911,-1.4043274
1492_2018_Porsche_Panamera,18.025297,3.2027423
1493_2019_Porsche_Panamera,18.02547,3.2029643
1494_2020_Porsche_Taycan,14.573021,0.15316084
1495_2019_Renault_Arkana,-3.2892528,-1.833429
1496_2020_Renault_Arkana,-3.289214,-1.8334525
1497_2016_Renault_Captur,-17.12897,1.7316003
1498_2019_Renault_Dokker,-11.375034,9.452054
1499_2012_Renault_Duster,-11.249864,2.220621
1500_2013_Renault_Duster,-11.249856,2.2206228
1501_2014_Renault_Duster,-11.24991,2.2206056
1502_2015_Renault_Duster,-12.114771,6.145257
1503_2016_Renault_Duster,-12.11477,6.1452575
1504_2017_Renault_Duster,-12.11477,6.1452584
1505_2018_Renault_Duster,-12.114771,6.145258
1506_2019_Renault_Duster,-12.114771,6.1452575
1507_2020_Renault_Duster,-11.109015,2.0229325
1508_2016_Renault_Espace,4.1939197,3.206596
1509_2010_Renault_Fluence,2.9462626,-6.577084
1510_2011_Renault_Fluence,2.9463518,-6.5773706
1511_2012_Renault_Fluence,3.014405,-6.8000016
1512_2013_Renault_Fluence,3.0144036,-6.8000035
1513_2014_Renault_Fluence,3.0144162,-6.8000417
1514_2017_Renault_Kadjar,-6.223595,-0.007969179
1515_2014_Renault_Kangoo,-13.942486,6.007979
1516_2016_Renault_Kaptur,-11.133832,2.02828
1517_2017_Renault_Kaptur,-11.133799,2.0282679
1518_2018_Renault_Kaptur,-11.13378,2.0282645
1519_2019_Renault_Kaptur,-11.133829,2.0282779
1520_2020_Renault_Kaptur,-11.136955,2.0310483
1521_2010_Renault_Koleos,-7.7175946,7.276835
1522_2011_Renault_Koleos,-7.9106474,7.4307384
1523_2012_Renault_Koleos,-7.9103847,7.4305606
1524_2013_Renault_Koleos,-7.9021893,7.4253306
1525_2014_Renault_Koleos,-7.9021893,7.425331
1526_2017_Renault_Koleos,-1.6560168,8.043278
1527_2018_Renault_Koleos,-1.6561348,8.043286
1528_2010_Renault_Latitude,16.62479,-8.054206
1529_2010_Renault_Logan,-7.592654,-11.08576
1530_2011_Renault_Logan,-7.592849,-11.0856905
1531_2012_Renault_Logan,-6.4561872,-11.696252
1532_2013_Renault_Logan,-6.45622,-11.696511
1533_2014_Renault_Logan,-6.456209,-11.696285
1534_2015_Renault_Logan,-6.45621,-11.696287
1535_2016_Renault_Logan,-6.45621,-11.696288
1536_2017_Renault_Logan,-6.4562097,-11.696284
1537_2018_Renault_Logan,-10.820877,-0.91369504
1538_2019_Renault_Logan,-10.820796,-0.91356134
1539_2020_Renault_Logan,-10.820718,-0.9134652
1540_2010_Renault_Megane,-11.222707,-12.012942
1541_2010_Renault_Megane,-10.4550495,-14.480034
1542_2010_Renault_Megane,0.43407395,-6.4351463
1543_2011_Renault_Megane,-11.222816,-12.012557
1544_2012_Renault_Megane,-11.103601,-11.9797
1545_2013_Renault_Megane,-11.1038885,-11.979455
1546_2017_Renault_Megane,3.1435637,-7.77701
1547_2018_Renault_Megane,3.1435657,-7.7770095
1548_2010_Renault_Sandero,-16.434748,-2.90055
1549_2011_Renault_Sandero,-16.434748,-2.900552
1550_2012_Renault_Sandero,-16.434679,-2.9005215
1551_2013_Renault_Sandero,-15.142011,-3.1603887
1552_2014_Renault_Sandero,-15.141995,-3.1603932
1553_2015_Renault_Sandero,-15.14184,-3.1608403
1554_2016_Renault_Sandero,-15.142023,-3.160866
1555_2017_Renault_Sandero,-15.141901,-3.1608586
1556_2018_Renault_Sandero,-19.056305,2.4457836
1557_2019_Renault_Sandero,-19.05624,2.4459813
1558_2020_Renault_Sandero,-19.056242,2.445981
1559_2010_Renault_Scenic,-9.139401,1.3056859
1560_2011_Renault_Scenic,-9.13946,1.3058096
1561_2013_Renault_Scenic,-5.684038,5.722367
1562_2017_Renault_Scenic,-7.33485,1.1718293
1563_2018_Renault_Scenic,-7.334851,1.171829
1564_2016_Renault_Talisman,15.119915,-9.718368
1565_2017_Renault_Talisman,15.287897,-9.424093
1566_2018_Renault_Talisman,15.287898,-9.424103
1567_2013_SEAT_Alhambra,5.044728,4.140536
1568_2012_SEAT_Altea,-5.563445,-3.5148098
1569_2013_SEAT_Altea,-5.5636177,-3.5146694
1570_2012_SEAT_Ibiza,-15.043464,-4.6604457
1571_2011_SEAT_Leon,-9.939153,-12.979269
1572_2012_SEAT_Leon,-12.354113,-12.303243
1573_2013_SEAT_Leon,-12.354165,-12.303336
1574_2014_SEAT_Leon,-12.354166,-12.303336
1575_2010_Skoda_Fabia,-15.938508,-4.6877437
1576_2011_Skoda_Fabia,-15.938505,-4.6877413
1577_2011_Skoda_Fabia,-8.201571,-10.563325
1578_2012_Skoda_Fabia,-15.938509,-4.6877446
1579_2013_Skoda_Fabia,-15.938512,-4.6877484
1580_2013_Skoda_Fabia,-8.201584,-10.563326
1581_2014_Skoda_Fabia,-17.13981,-5.088757
1582_2016_Skoda_Fabia,-9.207642,-11.605791
1583_2010_Skoda_Fabia RS,-15.88176,-5.112061
1584_2020_Skoda_Karoq,-9.051073,0.3787804
1585_2017_Skoda_Kodiaq,-0.64368004,6.89494
1586_2018_Skoda_Kodiaq,-0.64365834,6.8949666
1587_2019_Skoda_Kodiaq,-0.6436752,6.894936
1588_2020_Skoda_Kodiaq,-0.64367217,6.894979
1589_2010_Skoda_Octavia,0.27735627,-5.2519464
1590_2011_Skoda_Octavia,0.27698338,-5.251811
1591_2011_Skoda_Octavia,0.8858184,-3.2915576
1592_2012_Skoda_Octavia,0.27698532,-5.251811
1593_2012_Skoda_Octavia,0.88581806,-3.2915585
1594_2013_Skoda_Octavia,4.749039,-8.550138
1595_2013_Skoda_Octavia,6.6158004,-4.673507
1596_2014_Skoda_Octavia,4.748937,-8.550116
1597_2014_Skoda_Octavia,6.6157975,-4.673507
1598_2015_Skoda_Octavia,4.7489376,-8.550112
1599_2015_Skoda_Octavia,6.6160345,-4.6734805
1600_2016_Skoda_Octavia,4.7490344,-8.550139
1601_2016_Skoda_Octavia,6.615913,-4.673523
1602_2017_Skoda_Octavia,4.962819,-8.694642
1603_2017_Skoda_Octavia,6.6158,-4.673495
1604_2018_Skoda_Octavia,4.9627333,-8.694732
1605_2018_Skoda_Octavia,6.6159124,-4.6735234
1606_2019_Skoda_Octavia,5.675177,-9.14795
1607_2020_Skoda_Octavia,5.6751757,-9.147953
1608_2011_Skoda_Octavia RS,1.7367169,-9.079211
1609_2014_Skoda_Octavia RS,7.508901,-7.6245914
1610_2014_Skoda_Rapid,-2.49719,-8.758519
1611_2015_Skoda_Rapid,-2.497471,-8.758626
1612_2016_Skoda_Rapid,-2.497121,-8.758594
1613_2017_Skoda_Rapid,-2.4975135,-8.758617
1614_2018_Skoda_Rapid,-2.4975019,-8.758599
1615_2019_Skoda_Rapid,-2.4975011,-8.758597
1616_2020_Skoda_Rapid,-2.5997312,-8.70024
1617_2010_Skoda_Roomster,-14.609347,2.7287674
1618_2011_Skoda_Roomster,-14.609335,2.7286656
1619_2012_Skoda_Roomster,-14.609347,2.728795
1620_2013_Skoda_Roomster,-14.609346,2.7287462
1621_2014_Skoda_Roomster,-14.609345,2.7287455
1622_2010_Skoda_Superb,13.149813,-10.957673
1623_2010_Skoda_Superb,12.517829,-9.802758
1624_2011_Skoda_Superb,13.150153,-10.957145
1625_2011_Skoda_Superb,12.517762,-9.802852
1626_2012_Skoda_Superb,13.150144,-10.957148
1627_2012_Skoda_Superb,12.517848,-9.802758
1628_2013_Skoda_Superb,13.027796,-11.035011
1629_2013_Skoda_Superb,12.459773,-9.820189
1630_2014_Skoda_Superb,13.027797,-11.035009
1631_2014_Skoda_Superb,12.459633,-9.820746
1632_2015_Skoda_Superb,15.780701,-10.111741
1633_2016_Skoda_Superb,15.780546,-10.112077
1634_2016_Skoda_Superb,15.238381,-9.875038
1635_2017_Skoda_Superb,15.78071,-10.111748
1636_2017_Skoda_Superb,15.238385,-9.875035
1637_2018_Skoda_Superb,15.780827,-10.1118555
1638_2018_Skoda_Superb,15.238381,-9.875036
1639_2019_Skoda_Superb,15.529384,-9.578204
1640_2010_Skoda_Yeti,-13.976641,5.279548
1641_2011_Skoda_Yeti,-13.976544,5.2794914
1642_2012_Skoda_Yeti,-13.976501,5.2794676
1643_2013_Skoda_Yeti,-13.950899,5.2673874
1644_2014_Skoda_Yeti,-13.950928,5.267372
1645_2015_Skoda_Yeti,-13.950929,5.2673726
1646_2016_Skoda_Yeti,-13.950929,5.2673736
1647_2017_Skoda_Yeti,-13.95093,5.2673726
1648_2016_smart_Forfour,-22.852531,-2.7940109
1649_2013_smart_Fortwo,-24.595926,-3.6320705
1650_2014_smart_Fortwo,-24.594702,-3.6452267
1651_2016_smart_Fortwo,-24.594704,-3.6452262
1652_2017_smart_Fortwo,-24.594696,-3.6452339
1653_2018_smart_Fortwo,-24.594704,-3.6452255
1654_2010_Subaru_Forester,-5.912683,8.349911
1655_2011_Subaru_Forester,-0.9619576,1.640617
1656_2012_Subaru_Forester,-5.0304513,8.709506
1657_2013_Subaru_Forester,-5.0304503,8.709504
1658_2014_Subaru_Forester,-5.0304503,8.709505
1659_2015_Subaru_Forester,-5.030385,8.709541
1660_2016_Subaru_Forester,-4.8604927,8.699276
1661_2017_Subaru_Forester,-4.8604937,8.699278
1662_2018_Subaru_Forester,-4.6025805,8.6991205
1663_2019_Subaru_Forester,-4.6025815,8.69912
1664_2010_Subaru_Impreza,-6.3231306,-3.3159616
1665_2010_Subaru_Impreza WRX STi,6.913023,-6.8144283
1666_2012_Subaru_Impreza WRX STi,6.913022,-6.814428
1667_2011_Subaru_Legacy,7.596521,-13.182616
1668_2018_Subaru_Legacy,11.4364395,-10.206774
1669_2010_Subaru_Outback,4.2051105,0.81101847
1670_2011_Subaru_Outback,4.20511,0.81094337
1671_2015_Subaru_Outback,3.5821073,2.7075672
1672_2017_Subaru_Outback,3.6273932,2.6972723
1673_2018_Subaru_Outback,3.6273947,2.6972697
1674_2019_Subaru_Outback,4.490066,2.9211502
1675_2012_Subaru_XV,-7.0297775,-1.0111849
1676_2013_Subaru_XV,-7.029795,-1.0111791
1677_2017_Suzuki_Alto,-23.554312,-2.5078819
1678_2010_Suzuki_Grand Vitara,-19.65629,2.8838332
1679_2010_Suzuki_Grand Vitara,-8.014835,6.6633015
1680_2011_Suzuki_Grand Vitara,-8.014837,6.663307
1681_2012_Suzuki_Grand Vitara,-19.656279,2.8838284
1682_2012_Suzuki_Grand Vitara,-8.014835,6.6633015
1683_2013_Suzuki_Grand Vitara,-8.014835,6.6633005
1684_2014_Suzuki_Grand Vitara,-8.014835,6.6633005
1685_2015_Suzuki_Grand Vitara,-8.014787,6.663259
1686_2017_Suzuki_Hustler,-24.066162,-2.028524
1687_2012_Suzuki_Jimny,-20.99581,-2.3713012
1688_2014_Suzuki_Jimny,-20.99581,-2.3712993
1689_2017_Suzuki_Jimny,-20.99581,-2.371299
1690_2019_Suzuki_Jimny,-21.043633,-2.305005
1691_2020_Suzuki_Jimny,-21.043653,-2.3050592
1692_2011_Suzuki_Palette,-24.169706,-1.9215997
1693_2014_Suzuki_Solio,-20.877794,-2.2998543
1694_2017_Suzuki_Spacia,-24.169413,-1.9208308
1695_2010_Suzuki_Splash,-21.088722,-2.9206486
1696_2011_Suzuki_Splash,-21.088724,-2.9206455
1697_2014_Suzuki_Splash,-20.6092,-3.0930204
1698_2011_Suzuki_Swift,-19.041018,-4.4771943
1699_2013_Suzuki_Swift,-19.041048,-4.4772725
1700_2010_Suzuki_SX4,-16.721678,2.7394054
1701_2010_Suzuki_SX4,-4.9315214,-4.88531
1702_2011_Suzuki_SX4,-16.72168,2.7394047
1703_2012_Suzuki_SX4,-16.72157,2.7394447
1704_2013_Suzuki_SX4,-12.124614,3.0763578
1705_2014_Suzuki_SX4,-12.124615,3.0763583
1706_2018_Suzuki_SX4,-12.056754,2.9658759
1707_2019_Suzuki_SX4,-12.056753,2.9658787
1708_2015_Suzuki_Vitara,-16.393057,3.138325
1709_2016_Suzuki_Vitara,-16.393055,3.1383235
1710_2017_Suzuki_Vitara,-16.393053,3.1383252
1711_2019_Suzuki_Vitara,-16.390629,3.1604016
1712_2020_Suzuki_Vitara,-16.390585,3.1603982
1713_2019_Tesla_Model 3,7.683174,-7.337099
1714_2015_Tesla_Model S,15.452194,-0.5432182
1715_2016_Tesla_Model S,15.40814,-0.5274124
1716_2020_Tesla_Model S,15.4079075,-0.5270572
1717_2016_Tesla_Model X,10.342595,6.125024
1718_2011_Toyota_4Runner,4.425527,7.448218
1719_2012_Toyota_Alphard,1.6153094,16.706438
1720_2013_Toyota_Alphard,1.6153376,16.706306
1721_2016_Toyota_Alphard,1.6539954,16.73915
1722_2013_Toyota_Aqua,-16.987942,-5.182838
1723_2016_Toyota_Aqua,-15.187239,-4.79212
1724_2011_Toyota_Auris,-12.183095,-10.57438
1725_2013_Toyota_Auris,-10.778842,-12.806924
1726_2014_Toyota_Auris,-10.778848,-12.806922
1727_2010_Toyota_Avensis,5.704364,-9.1071615
1728_2012_Toyota_Avensis,5.699427,-9.131802
1729_2017_Toyota_Avensis,12.48844,-11.831744
1730_2010_Toyota_bB,-20.550001,-2.9142172
1731_2017_Toyota_C-HR,-10.118813,-1.3287405
1732_2018_Toyota_C-HR,-10.118813,-1.3287402
1733_2010_Toyota_Camry,11.849564,-10.940705
1734_2011_Toyota_Camry,11.5829315,-11.165628
1735_2012_Toyota_Camry,11.582883,-11.1656065
1736_2013_Toyota_Camry,11.58215,-11.1657
1737_2014_Toyota_Camry,13.518774,-10.376115
1738_2015_Toyota_Camry,13.518772,-10.376118
1739_2016_Toyota_Camry,13.518791,-10.376064
1740_2017_Toyota_Camry,13.524046,-10.25104
1741_2018_Toyota_Camry,13.524054,-10.251046
1742_2019_Toyota_Camry,16.34188,-8.752472
1743_2020_Toyota_Camry,16.377235,-8.506906
1744_2010_Toyota_Corolla,-0.55752456,-5.5268087
1745_2011_Toyota_Corolla,-0.5575248,-5.526809
1746_2012_Toyota_Corolla,-3.4749804,-14.321652
1747_2013_Toyota_Corolla,-3.47498,-14.321656
1748_2014_Toyota_Corolla,-3.4749804,-14.321651
1749_2015_Toyota_Corolla,-3.203713,-13.441888
1750_2016_Toyota_Corolla,-3.203709,-13.441899
1751_2017_Toyota_Corolla,-3.2036648,-13.441621
1752_2017_Toyota_Corolla,-3.2037086,-13.441899
1753_2018_Toyota_Corolla,3.0190017,-8.339596
1754_2019_Toyota_Corolla,3.0182393,-8.339851
1755_2010_Toyota_Corolla Rumion,-15.422124,3.6175025
1756_2010_Toyota_Crown,12.704994,-7.3520746
1757_2013_Toyota_Crown,12.745806,-6.7382355
1758_2016_Toyota_Crown,12.745872,-6.7381444
1759_2012_Toyota_FJ Cruiser,-2.5302966,12.477418
1760_2017_Toyota_Fortuner,-1.468332,16.292074
1761_2018_Toyota_Fortuner,-1.468781,16.292156
1762_2019_Toyota_Fortuner,-1.4683278,16.292057
1763_2012_Toyota_GT86,-11.739704,-15.795823
1764_2015_Toyota_Harrier,-1.897032,7.290937
1765_2011_Toyota_Highlander,5.0755177,6.5604725
1766_2012_Toyota_Highlander,5.075524,6.5604925
1767_2013_Toyota_Highlander,5.090695,4.35429
1768_2014_Toyota_Highlander,5.0906935,4.3542905
1769_2016_Toyota_Highlander,6.5729017,6.669058
1770_2017_Toyota_Highlander,6.572907,6.6690593
1771_2018_Toyota_Highlander,6.5729003,6.669058
1772_2019_Toyota_Highlander,10.106428,8.843306
1773_2020_Toyota_Highlander,10.106414,8.843109
1774_2011_Toyota_Hilux,15.817247,12.0420885
1775_2012_Toyota_Hilux,15.817244,12.04207
1776_2014_Toyota_Hilux,15.817241,12.042071
1777_2015_Toyota_Hilux,15.916485,12.95002
1778_2016_Toyota_Hilux,15.916509,12.950019
1779_2017_Toyota_Hilux,15.917635,12.949694
1780_2019_Toyota_Hilux,15.917645,12.9497
1781_2020_Toyota_Hilux,15.838124,12.921554
1782_2011_Toyota_ISis,2.748721,-2.0780678
1783_2010_Toyota_Land Cruiser,5.0325685,15.12592
1784_2011_Toyota_Land Cruiser,5.03299,15.125843
1785_2012_Toyota_Land Cruiser,5.818412,15.373034
1786_2013_Toyota_Land Cruiser,5.818412,15.373033
1787_2014_Toyota_Land Cruiser,5.8184133,15.373034
1788_2015_Toyota_Land Cruiser,5.845782,15.356311
1789_2016_Toyota_Land Cruiser,5.8457828,15.356312
1790_2017_Toyota_Land Cruiser,5.845782,15.356311
1791_2018_Toyota_Land Cruiser,5.8457804,15.356316
1792_2019_Toyota_Land Cruiser,5.845804,15.356305
1793_2020_Toyota_Land Cruiser,5.8458023,15.356306
1794_2010_Toyota_Land Cruiser Prado,-1.466456,16.6314
1795_2011_Toyota_Land Cruiser Prado,-1.4664538,16.631395
1796_2012_Toyota_Land Cruiser Prado,-1.4664559,16.631397
1797_2013_Toyota_Land Cruiser Prado,-1.1263157,16.981834
1798_2014_Toyota_Land Cruiser Prado,-1.1263127,16.981836
1799_2015_Toyota_Land Cruiser Prado,-1.1260659,16.98177
1800_2016_Toyota_Land Cruiser Prado,-1.1260695,16.981764
1801_2017_Toyota_Land Cruiser Prado,4.979726,15.9723
1802_2018_Toyota_Land Cruiser Prado,4.9797387,15.972293
1803_2019_Toyota_Land Cruiser Prado,4.979738,15.972293
1804_2020_Toyota_Land Cruiser Prado,-0.9288174,16.371092
1805_2017_Toyota_Noah,-4.3688025,14.769461
1806_2016_Toyota_Passo,-21.900251,-2.9950128
1807_2017_Toyota_Passo,-21.90025,-2.996797
1808_2010_Toyota_Prius,-4.1626577,-5.762055
1809_2011_Toyota_Prius,-3.9257421,-5.8465056
1810_2012_Toyota_Prius,-3.9257455,-5.8465056
1811_2013_Toyota_Prius,-3.9257412,-5.846506
1812_2014_Toyota_Prius,-3.925697,-5.8464775
1813_2012_Toyota_Prius Alpha,2.041069,-2.741916
1814_2015_Toyota_Prius Alpha,2.1000981,-2.740238
1815_2016_Toyota_Probox,-8.060976,-10.685431
1816_2011_Toyota_Ractis,-16.986828,-2.8200378
1817_2014_Toyota_Ractis,-16.98688,-2.8199556
1818_2011_Toyota_Sequoia,10.064263,14.98535
1819_2017_Toyota_Sienta,-14.387545,3.2783227
1820_2015_Toyota_Spade,-20.05754,2.351312
1821_2019_Toyota_Tacoma,15.912035,13.100512
1822_2017_Toyota_Tank,-20.843102,-2.3918183
1823_2010_Toyota_Tundra,12.157707,17.269657
1824_2011_Toyota_Tundra,12.157714,17.269667
1825_2012_Toyota_Tundra,12.157709,17.269657
1826_2017_Toyota_Tundra,12.13859,17.290913
1827_2019_Toyota_Tundra,12.138591,17.290913
1828_2010_Toyota_Venza,3.7611144,1.7706776
1829_2014_Toyota_Venza,3.9670842,1.7052029
1830_2010_Toyota_Verso,-6.4531326,-0.9114029
1831_2011_Toyota_Verso,-6.4531326,-0.91140366
1832_2013_Toyota_Verso,-6.36078,-0.9734018
1833_2010_Toyota_Voxy,-4.3688545,14.738314
1834_2014_Toyota_Voxy,-4.3303137,14.784287
1835_2018_Toyota_Voxy,-4.3245506,14.784814
1836_2010_Toyota_Wish,2.6714067,-2.3413532
1837_2013_Toyota_Wish,2.665748,-2.345708
1838_2013_Toyota_Yaris,-14.093182,-4.11634
1839_2012_Volvo_C30,-12.075456,-13.4762945
1840_2010_Volvo_S40,-3.6182773,-6.625476
1841_2011_Volvo_S40,-3.6184177,-6.625754
1842_2012_Volvo_S40,-3.6184208,-6.6257544
1843_2010_Volvo_S60,4.681653,-7.5452905
1844_2011_Volvo_S60,4.6815796,-7.545238
1845_2012_Volvo_S60,4.6816573,-7.5452895
1846_2013_Volvo_S60,5.0421205,-7.6016593
1847_2014_Volvo_S60,5.04212,-7.6016626
1848_2015_Volvo_S60,5.041997,-7.601779
1849_2019_Volvo_S60,8.098482,-11.257173
1850_2010_Volvo_S80,13.117771,-5.8529115
1851_2011_Volvo_S80,13.117779,-5.852911
1852_2012_Volvo_S80,13.117772,-5.8529105
1853_2013_Volvo_S80,14.147858,-8.171804
1854_2014_Volvo_S80,14.147862,-8.171806
1855_2015_Volvo_S80,14.147963,-8.171666
1856_2017_Volvo_S90,17.027485,-3.2511868
1857_2019_Volvo_S90,17.026896,-3.2510757
1858_2020_Volvo_S90,17.056648,-3.3008516
1859_2014_Volvo_V40,-8.668516,-13.94611
1860_2010_Volvo_V50,-1.8110608,-6.000911
1861_2011_Volvo_V50,-1.8108957,-6.0010247
1862_2011_Volvo_V60,7.0837817,-6.8472376
1863_2018_Volvo_V60 Cross Country,8.524441,-5.4540086
1864_2017_Volvo_V90,17.236647,-4.54874
1865_2017_Volvo_V90 Cross Country,18.248075,-5.296388
1866_2018_Volvo_V90 Cross Country,18.248173,-5.296482
1867_2019_Volvo_V90 Cross Country,18.248072,-5.296391
1868_2018_Volvo_XC40,-6.3761115,1.3320588
1869_2019_Volvo_XC40,-6.3761106,1.3320587
1870_2020_Volvo_XC40,-6.37611,1.3320577
1871_2010_Volvo_XC60,-3.3838181,10.533747
1872_2011_Volvo_XC60,-3.383735,10.533446
1873_2012_Volvo_XC60,-3.3836994,10.533432
1874_2013_Volvo_XC60,-3.284461,10.605473
1875_2014_Volvo_XC60,-3.2844658,10.605469
1876_2015_Volvo_XC60,-3.2844179,10.605301
1877_2016_Volvo_XC60,-3.284466,10.605468
1878_2017_Volvo_XC60,1.7543044,8.320051
1879_2018_Volvo_XC60,1.7543037,8.320051
1880_2019_Volvo_XC60,1.7544607,8.320001
1881_2020_Volvo_XC60,1.7544603,8.320001
1882_2010_Volvo_XC70,3.9439175,1.590056
1883_2011_Volvo_XC70,3.9439187,1.590054
1884_2012_Volvo_XC70,3.9439173,1.5900568
1885_2013_Volvo_XC70,3.9579275,1.6010723
1886_2014_Volvo_XC70,3.9579282,1.6010716
1887_2015_Volvo_XC70,3.9580193,1.6012765
1888_2016_Volvo_XC70,3.958033,1.6012944
1889_2010_Volvo_XC90,4.8162007,7.366399
1890_2011_Volvo_XC90,4.816218,7.3664956
1891_2012_Volvo_XC90,4.816245,7.3664007
1892_2013_Volvo_XC90,4.8162246,7.3664155
1893_2014_Volvo_XC90,8.752654,8.824884
1894_2015_Volvo_XC90,8.752651,8.824876
1895_2016_Volvo_XC90,8.752666,8.824782
1896_2017_Volvo_XC90,8.752652,8.824808
1897_2018_Volvo_XC90,8.752646,8.824553
1898_2019_Volvo_XC90,9.919141,8.658882
1899_2020_Volvo_XC90,9.919052,8.659141
1900_2011_VOLKSWAGEN_Amarok,13.764666,12.979419
1901_2012_VOLKSWAGEN_Amarok,13.764669,12.979422
1902_2013_VOLKSWAGEN_Amarok,13.764655,12.979424
1903_2014_VOLKSWAGEN_Amarok,13.764658,12.979439
1904_2015_VOLKSWAGEN_Amarok,13.764655,12.979437
1905_2016_VOLKSWAGEN_Amarok,14.432241,13.4685545
1906_2018_VOLKSWAGEN_Amarok,14.4322195,13.468575
1907_2013_VOLKSWAGEN_Beetle,-11.703019,-11.829946
1908_2014_VOLKSWAGEN_Beetle,-11.703021,-11.829946
1909_2011_VOLKSWAGEN_Caddy,-0.36531374,15.312073
1910_2012_VOLKSWAGEN_Caddy,-0.36512423,15.311837
1911_2013_VOLKSWAGEN_Caddy,-0.36531475,15.312073
1912_2014_VOLKSWAGEN_Caddy,-0.36531222,15.312073
1913_2015_VOLKSWAGEN_Caddy,-11.30764,9.48155
1914_2016_VOLKSWAGEN_Caddy,-11.307639,9.481549
1915_2017_VOLKSWAGEN_Caddy,-11.307638,9.481551
1916_2018_VOLKSWAGEN_Caddy,-11.307619,9.481554
1917_2019_VOLKSWAGEN_Caddy,-11.30762,9.481555
1918_2020_VOLKSWAGEN_Caddy,-4.862342,10.011486
1919_2011_VOLKSWAGEN_Caravelle,15.196665,15.009244
1920_2012_VOLKSWAGEN_Caravelle,15.196661,15.009246
1921_2013_VOLKSWAGEN_Caravelle,15.19665,15.009225
1922_2014_VOLKSWAGEN_Caravelle,15.196655,15.009225
1923_2015_VOLKSWAGEN_Caravelle,0.23218371,19.101633
1924_2016_VOLKSWAGEN_Caravelle,0.2321808,19.10163
1925_2017_VOLKSWAGEN_Caravelle,0.2320218,19.101692
1926_2018_VOLKSWAGEN_Caravelle,0.2320235,19.101696
1927_2019_VOLKSWAGEN_Caravelle,15.13343,14.817282
1928_2020_VOLKSWAGEN_Caravelle,15.133117,14.817319
1929_2010_VOLKSWAGEN_Golf,-13.335142,-11.012475
1930_2010_VOLKSWAGEN_Golf,-13.335401,-11.012519
1931_2011_VOLKSWAGEN_Golf,-13.335141,-11.012475
1932_2011_VOLKSWAGEN_Golf,-13.335487,-11.012607
1933_2012_VOLKSWAGEN_Golf,-12.519451,-12.9208555
1934_2012_VOLKSWAGEN_Golf,-12.508454,-12.961856
1935_2013_VOLKSWAGEN_Golf,-12.519456,-12.920932
1936_2013_VOLKSWAGEN_Golf,-12.50843,-12.961822
1937_2014_VOLKSWAGEN_Golf,-12.519457,-12.920932
1938_2015_VOLKSWAGEN_Golf,-12.519458,-12.920932
1939_2016_VOLKSWAGEN_Golf,-12.519457,-12.920933
1940_2017_VOLKSWAGEN_Golf,-12.227269,-11.806191
1941_2017_VOLKSWAGEN_Golf,-0.26699808,-3.5301347
1942_2018_VOLKSWAGEN_Golf,-12.227277,-11.806143
1943_2018_VOLKSWAGEN_Golf,-0.26694307,-3.5306404
1944_2015_VOLKSWAGEN_Golf GTI,-9.544283,-17.054703
1945_2017_VOLKSWAGEN_Golf GTI,-9.502866,-17.072834
1946_2010_VOLKSWAGEN_Golf Plus,-15.673316,3.5184023
1947_2011_VOLKSWAGEN_Golf Plus,-15.673316,3.5184033
1948_2012_VOLKSWAGEN_Golf Plus,-15.67349,3.5184176
1949_2013_VOLKSWAGEN_Golf Plus,-15.673479,3.5184143
1950_2012_VOLKSWAGEN_Golf R,-9.596584,-17.239685
1951_2014_VOLKSWAGEN_Golf R,-9.524208,-17.24762
1952_2010_VOLKSWAGEN_Jetta,3.7751715,-6.0613265
1953_2011_VOLKSWAGEN_Jetta,3.7751052,-6.061565
1954_2012_VOLKSWAGEN_Jetta,3.775755,-6.061945
1955_2013_VOLKSWAGEN_Jetta,3.7751052,-6.0616117
1956_2014_VOLKSWAGEN_Jetta,4.212906,-6.3188796
1957_2015_VOLKSWAGEN_Jetta,4.2129383,-6.3188696
1958_2016_VOLKSWAGEN_Jetta,4.21294,-6.318878
1959_2017_VOLKSWAGEN_Jetta,4.212942,-6.318878
1960_2018_VOLKSWAGEN_Jetta,5.855091,-9.54669
1961_2020_VOLKSWAGEN_Jetta,5.8553514,-9.547109
1962_2010_VOLKSWAGEN_Multivan,0.20516117,19.071505
1963_2011_VOLKSWAGEN_Multivan,0.20516805,19.071507
1964_2012_VOLKSWAGEN_Multivan,0.20516269,19.071507
1965_2013_VOLKSWAGEN_Multivan,0.20516285,19.071507
1966_2014_VOLKSWAGEN_Multivan,0.2051665,19.071508
1967_2015_VOLKSWAGEN_Multivan,15.1985855,14.988615
1968_2016_VOLKSWAGEN_Multivan,15.1985855,14.988616
1969_2017_VOLKSWAGEN_Multivan,15.198587,14.988609
1970_2018_VOLKSWAGEN_Multivan,15.198585,14.988615
1971_2020_VOLKSWAGEN_Multivan,15.133125,14.817351
1972_2010_VOLKSWAGEN_Passat,9.508157,-13.935257
1973_2010_VOLKSWAGEN_Passat,9.045039,-13.639674
1974_2011_VOLKSWAGEN_Passat,6.8783298,-2.5925064
1975_2011_VOLKSWAGEN_Passat,9.079705,-13.522984
1976_2012_VOLKSWAGEN_Passat,6.8776574,-2.592087
1977_2012_VOLKSWAGEN_Passat,9.0796385,-13.523088
1978_2013_VOLKSWAGEN_Passat,9.079705,-13.522982
1979_2014_VOLKSWAGEN_Passat,9.236172,-11.960051
1980_2014_VOLKSWAGEN_Passat,9.1439905,-13.401366
1981_2016_VOLKSWAGEN_Passat,9.236095,-11.959974
1982_2016_VOLKSWAGEN_Passat,9.143537,-13.401057
1983_2017_VOLKSWAGEN_Passat,9.2360935,-11.959972
1984_2017_VOLKSWAGEN_Passat,9.14354,-13.401058
1985_2018_VOLKSWAGEN_Passat,9.236092,-11.959967
1986_2018_VOLKSWAGEN_Passat,9.143543,-13.401055
1987_2019_VOLKSWAGEN_Passat,9.486099,-12.827284
1988_2020_VOLKSWAGEN_Passat,9.486103,-12.827271
1989_2010_VOLKSWAGEN_Passat CC,9.963324,-11.115375
1990_2011_VOLKSWAGEN_Passat CC,9.963328,-11.115377
1991_2012_VOLKSWAGEN_Passat CC,10.025204,-10.967442
1992_2013_VOLKSWAGEN_Passat CC,10.025204,-10.967448
1993_2014_VOLKSWAGEN_Passat CC,10.025202,-10.967445
1994_2010_VOLKSWAGEN_Polo,-17.02501,-4.7139564
1995_2010_VOLKSWAGEN_Polo,-3.0858798,-13.856031
1996_2011_VOLKSWAGEN_Polo,-17.025013,-4.71396
1997_2011_VOLKSWAGEN_Polo,-3.085465,-13.8566
1998_2012_VOLKSWAGEN_Polo,-17.025011,-4.713957
1999_2012_VOLKSWAGEN_Polo,-3.0858796,-13.856031
2000_2013_VOLKSWAGEN_Polo,-17.025064,-4.7140956
2001_2013_VOLKSWAGEN_Polo,-3.0859244,-13.856036
2002_2014_VOLKSWAGEN_Polo,-3.7208118,-13.63242
2003_2015_VOLKSWAGEN_Polo,-3.7208118,-13.632421
2004_2016_VOLKSWAGEN_Polo,-3.7202938,-13.6322365
2005_2017_VOLKSWAGEN_Polo,-3.7207446,-13.632128
2006_2018_VOLKSWAGEN_Polo,-3.7207558,-13.632064
2007_2019_VOLKSWAGEN_Polo,-3.720759,-13.631983
2008_2020_VOLKSWAGEN_Polo,-2.6908817,-8.837484
2009_2020_VOLKSWAGEN_Polo,-3.7207341,-13.632053
2010_2010_VOLKSWAGEN_Scirocco,-12.238423,-14.378088
2011_2012_VOLKSWAGEN_Scirocco,-12.238416,-14.378151
2012_2018_VOLKSWAGEN_T-Roc,-15.81547,4.135056
2013_2018_VOLKSWAGEN_Teramont,10.270046,10.443436
2014_2010_VOLKSWAGEN_Tiguan,-7.524708,2.8948152
2015_2011_VOLKSWAGEN_Tiguan,-7.6885176,3.2385938
2016_2012_VOLKSWAGEN_Tiguan,-7.6884866,3.2386124
2017_2013_VOLKSWAGEN_Tiguan,-7.688487,3.2386131
2018_2014_VOLKSWAGEN_Tiguan,-7.6884956,3.2386107
2019_2015_VOLKSWAGEN_Tiguan,-7.6885138,3.2385902
2020_2016_VOLKSWAGEN_Tiguan,-2.0226169,7.3744564
2021_2017_VOLKSWAGEN_Tiguan,-2.0222175,7.3746467
2022_2018_VOLKSWAGEN_Tiguan,-2.0222185,7.3746467
2023_2019_VOLKSWAGEN_Tiguan,-2.022218,7.374647
2024_2020_VOLKSWAGEN_Tiguan,-7.5558376,6.519655
2025_2010_VOLKSWAGEN_Touareg,3.773677,5.166523
2026_2011_VOLKSWAGEN_Touareg,3.7737167,5.166542
2027_2012_VOLKSWAGEN_Touareg,3.77372,5.166544
2028_2013_VOLKSWAGEN_Touareg,3.7736437,5.166498
2029_2014_VOLKSWAGEN_Touareg,3.8481803,5.1883116
2030_2015_VOLKSWAGEN_Touareg,3.8481822,5.188313
2031_2016_VOLKSWAGEN_Touareg,3.8481796,5.1883116
2032_2017_VOLKSWAGEN_Touareg,3.8481793,5.1883116
2033_2018_VOLKSWAGEN_Touareg,7.757344,5.932942
2034_2019_VOLKSWAGEN_Touareg,7.7573447,5.9329424
2035_2020_VOLKSWAGEN_Touareg,7.757328,5.9329424
2036_2010_VOLKSWAGEN_Touran,-7.855153,2.6706285
2037_2011_VOLKSWAGEN_Touran,-7.8550854,2.6705632
2038_2012_VOLKSWAGEN_Touran,-7.855153,2.670628
2039_2013_VOLKSWAGEN_Touran,-7.855086,2.6705635
2040_2014_VOLKSWAGEN_Touran,-7.855086,2.6705632
2041_2015_VOLKSWAGEN_Touran,-6.53347,5.7507086
2042_2016_VOLKSWAGEN_Touran,-6.5334697,5.750707
2043_2017_VOLKSWAGEN_Touran,-6.533371,5.7507024
2044_2011_VOLKSWAGEN_Transporter,15.179534,14.841673
2045_2013_VOLKSWAGEN_Transporter,15.196665,15.009244
2046_2019_VOLKSWAGEN_Transporter,0.23632033,19.067846
